Consumption DK areas in MWh;;;;
Data was last updated 06-03-2016;;;;
;Hours;DK1;DK2;DK
01-01-2016;00 - 01;1818;1341;3159
01-01-2016;01 - 02;1741;1288;3029
01-01-2016;02 - 03;1660;1232;2892
01-01-2016;03 - 04;1593;1169;2762
01-01-2016;04 - 05;1545;1141;2686
01-01-2016;05 - 06;1552;1144;2696
01-01-2016;06 - 07;1605;1175;2780
01-01-2016;07 - 08;1663;1202;2865
01-01-2016;08 - 09;1733;1239;2972
01-01-2016;09 - 10;1809;1310;3119
01-01-2016;10 - 11;1922;1411;3333
01-01-2016;11 - 12;2010;1479;3489
01-01-2016;12 - 13;2043;1518;3561
01-01-2016;13 - 14;2043;1530;3573
01-01-2016;14 - 15;2043;1544;3587
01-01-2016;15 - 16;2088;1589;3677
01-01-2016;16 - 17;2312;1709;4021
01-01-2016;17 - 18;2433;1800;4233
01-01-2016;18 - 19;2481;1788;4269
01-01-2016;19 - 20;2335;1703;4038
01-01-2016;20 - 21;2149;1593;3742
01-01-2016;21 - 22;2000;1501;3501
01-01-2016;22 - 23;1858;1411;3269
01-01-2016;23 - 00;1713;1314;3027
02-01-2016;00 - 01;1615;1215;2830
02-01-2016;01 - 02;1510;1155;2665
02-01-2016;02 - 03;1461;1120;2581
02-01-2016;03 - 04;1463;1113;2576
02-01-2016;04 - 05;1476;1124;2600
02-01-2016;05 - 06;1579;1160;2739
02-01-2016;06 - 07;1683;1239;2922
02-01-2016;07 - 08;1883;1350;3233
02-01-2016;08 - 09;2026;1459;3485
02-01-2016;09 - 10;2157;1589;3746
02-01-2016;10 - 11;2282;1706;3988
02-01-2016;11 - 12;2325;1750;4075
02-01-2016;12 - 13;2254;1757;4011
02-01-2016;13 - 14;2297;1765;4062
02-01-2016;14 - 15;2295;1778;4073
02-01-2016;15 - 16;2266;1806;4072
02-01-2016;16 - 17;2464;1945;4409
02-01-2016;17 - 18;2703;2070;4773
02-01-2016;18 - 19;2651;2052;4703
02-01-2016;19 - 20;2435;1910;4345
02-01-2016;20 - 21;2264;1777;4041
02-01-2016;21 - 22;2092;1668;3760
02-01-2016;22 - 23;2027;1591;3618
02-01-2016;23 - 00;1822;1462;3284
03-01-2016;00 - 01;1724;1388;3112
03-01-2016;01 - 02;1665;1315;2980
03-01-2016;02 - 03;1671;1259;2930
03-01-2016;03 - 04;1619;1210;2829
03-01-2016;04 - 05;1642;1249;2891
03-01-2016;05 - 06;1669;1270;2939
03-01-2016;06 - 07;1810;1329;3139
03-01-2016;07 - 08;1986;1400;3386
03-01-2016;08 - 09;2177;1506;3683
03-01-2016;09 - 10;2195;1629;3824
03-01-2016;10 - 11;2342;1734;4076
03-01-2016;11 - 12;2379;1777;4156
03-01-2016;12 - 13;2297;1774;4071
03-01-2016;13 - 14;2303;1753;4056
03-01-2016;14 - 15;2323;1750;4073
03-01-2016;15 - 16;2373;1743;4116
03-01-2016;16 - 17;2603;1820;4423
03-01-2016;17 - 18;2896;1923;4819
03-01-2016;18 - 19;2803;1937;4740
03-01-2016;19 - 20;2621;1867;4488
03-01-2016;20 - 21;2450;1753;4203
03-01-2016;21 - 22;2294;1706;4000
03-01-2016;22 - 23;2127;1557;3684
03-01-2016;23 - 00;1998;1431;3429
04-01-2016;00 - 01;1844;1347;3191
04-01-2016;01 - 02;1803;1294;3097
04-01-2016;02 - 03;1789;1255;3044
04-01-2016;03 - 04;1819;1251;3070
04-01-2016;04 - 05;1903;1282;3185
04-01-2016;05 - 06;2056;1399;3455
04-01-2016;06 - 07;2434;1636;4070
04-01-2016;07 - 08;2966;1944;4910
04-01-2016;08 - 09;3100;2048;5148
04-01-2016;09 - 10;3059;2067;5126
04-01-2016;10 - 11;3116;2072;5188
04-01-2016;11 - 12;3067;2060;5127
04-01-2016;12 - 13;2991;2026;5017
04-01-2016;13 - 14;3013;2019;5032
04-01-2016;14 - 15;2876;1997;4873
04-01-2016;15 - 16;2864;2005;4869
04-01-2016;16 - 17;2977;2151;5128
04-01-2016;17 - 18;3198;2338;5536
04-01-2016;18 - 19;3047;2274;5321
04-01-2016;19 - 20;2919;2102;5021
04-01-2016;20 - 21;2698;1949;4647
04-01-2016;21 - 22;2463;1809;4272
04-01-2016;22 - 23;2293;1639;3932
04-01-2016;23 - 00;2079;1495;3574
05-01-2016;00 - 01;1940;1385;3325
05-01-2016;01 - 02;1891;1326;3217
05-01-2016;02 - 03;1952;1292;3244
05-01-2016;03 - 04;1957;1298;3255
05-01-2016;04 - 05;2031;1340;3371
05-01-2016;05 - 06;2162;1435;3597
05-01-2016;06 - 07;2559;1708;4267
05-01-2016;07 - 08;3020;2005;5025
05-01-2016;08 - 09;3143;2109;5252
05-01-2016;09 - 10;3052;2136;5188
05-01-2016;10 - 11;3091;2138;5229
05-01-2016;11 - 12;3098;2112;5210
05-01-2016;12 - 13;3051;2064;5115
05-01-2016;13 - 14;2982;1985;4967
05-01-2016;14 - 15;2939;2039;4978
05-01-2016;15 - 16;2864;2043;4907
05-01-2016;16 - 17;3036;2096;5132
05-01-2016;17 - 18;3300;2233;5533
05-01-2016;18 - 19;3145;2219;5364
05-01-2016;19 - 20;2928;2130;5058
05-01-2016;20 - 21;2729;2010;4739
05-01-2016;21 - 22;2562;1876;4438
05-01-2016;22 - 23;2372;1706;4078
05-01-2016;23 - 00;2193;1539;3732
06-01-2016;00 - 01;2060;1442;3502
06-01-2016;01 - 02;1989;1381;3370
06-01-2016;02 - 03;1956;1359;3315
06-01-2016;03 - 04;1976;1382;3358
06-01-2016;04 - 05;2004;1405;3409
06-01-2016;05 - 06;2170;1499;3669
06-01-2016;06 - 07;2605;1754;4359
06-01-2016;07 - 08;3074;2033;5107
06-01-2016;08 - 09;3158;2104;5262
06-01-2016;09 - 10;3031;2062;5093
06-01-2016;10 - 11;3062;2060;5122
06-01-2016;11 - 12;3704;2040;5744
06-01-2016;12 - 13;2908;2040;4948
06-01-2016;13 - 14;2980;2026;5006
06-01-2016;14 - 15;2916;2014;4930
06-01-2016;15 - 16;2927;2016;4943
06-01-2016;16 - 17;3096;2078;5174
06-01-2016;17 - 18;3294;2250;5544
06-01-2016;18 - 19;3134;2196;5330
06-01-2016;19 - 20;2952;2100;5052
06-01-2016;20 - 21;2770;1984;4754
06-01-2016;21 - 22;2594;1812;4406
06-01-2016;22 - 23;2418;1718;4136
06-01-2016;23 - 00;2187;1560;3747
07-01-2016;00 - 01;2079;1456;3535
07-01-2016;01 - 02;2116;1410;3526
07-01-2016;02 - 03;2068;1396;3464
07-01-2016;03 - 04;2068;1392;3460
07-01-2016;04 - 05;2125;1409;3534
07-01-2016;05 - 06;2263;1475;3738
07-01-2016;06 - 07;2640;1703;4343
07-01-2016;07 - 08;3054;1920;4974
07-01-2016;08 - 09;3191;1942;5133
07-01-2016;09 - 10;3139;1948;5087
07-01-2016;10 - 11;3144;1953;5097
07-01-2016;11 - 12;3136;1928;5064
07-01-2016;12 - 13;3031;1922;4953
07-01-2016;13 - 14;3029;1897;4926
07-01-2016;14 - 15;3007;1908;4915
07-01-2016;15 - 16;2960;1915;4875
07-01-2016;16 - 17;3048;2036;5084
07-01-2016;17 - 18;3263;2161;5424
07-01-2016;18 - 19;3096;2116;5212
07-01-2016;19 - 20;2931;2049;4980
07-01-2016;20 - 21;2752;1954;4706
07-01-2016;21 - 22;2629;1820;4449
07-01-2016;22 - 23;2398;1661;4059
07-01-2016;23 - 00;2221;1489;3710
08-01-2016;00 - 01;2017;1380;3397
08-01-2016;01 - 02;1957;1325;3282
08-01-2016;02 - 03;2005;1302;3307
08-01-2016;03 - 04;2007;1293;3300
08-01-2016;04 - 05;2075;1338;3413
08-01-2016;05 - 06;2209;1430;3639
08-01-2016;06 - 07;2553;1665;4218
08-01-2016;07 - 08;2989;1940;4929
08-01-2016;08 - 09;3128;2042;5170
08-01-2016;09 - 10;3089;2087;5176
08-01-2016;10 - 11;3147;2057;5204
08-01-2016;11 - 12;3124;2029;5153
08-01-2016;12 - 13;3004;2018;5022
08-01-2016;13 - 14;2893;2051;4944
08-01-2016;14 - 15;2811;1996;4807
08-01-2016;15 - 16;2705;1971;4676
08-01-2016;16 - 17;2757;2081;4838
08-01-2016;17 - 18;3017;2205;5222
08-01-2016;18 - 19;2927;2144;5071
08-01-2016;19 - 20;2690;2019;4709
08-01-2016;20 - 21;2507;1866;4373
08-01-2016;21 - 22;2371;1744;4115
08-01-2016;22 - 23;2244;1610;3854
08-01-2016;23 - 00;2087;1496;3583
09-01-2016;00 - 01;1937;1400;3337
09-01-2016;01 - 02;1851;1329;3180
09-01-2016;02 - 03;1805;1279;3084
09-01-2016;03 - 04;1790;1264;3054
09-01-2016;04 - 05;1801;1252;3053
09-01-2016;05 - 06;1845;1285;3130
09-01-2016;06 - 07;1963;1348;3311
09-01-2016;07 - 08;2170;1467;3637
09-01-2016;08 - 09;2365;1605;3970
09-01-2016;09 - 10;2440;1724;4164
09-01-2016;10 - 11;2497;1795;4292
09-01-2016;11 - 12;2486;1813;4299
09-01-2016;12 - 13;2449;1779;4228
09-01-2016;13 - 14;2413;1756;4169
09-01-2016;14 - 15;2392;1754;4146
09-01-2016;15 - 16;2387;1762;4149
09-01-2016;16 - 17;2552;1906;4458
09-01-2016;17 - 18;2791;2051;4842
09-01-2016;18 - 19;2704;2017;4721
09-01-2016;19 - 20;2478;1871;4349
09-01-2016;20 - 21;2298;1746;4044
09-01-2016;21 - 22;2185;1632;3817
09-01-2016;22 - 23;2046;1530;3576
09-01-2016;23 - 00;1906;1438;3344
10-01-2016;00 - 01;1811;1356;3167
10-01-2016;01 - 02;1752;1286;3038
10-01-2016;02 - 03;1698;1239;2937
10-01-2016;03 - 04;1672;1221;2893
10-01-2016;04 - 05;1653;1214;2867
10-01-2016;05 - 06;1704;1233;2937
10-01-2016;06 - 07;1815;1287;3102
10-01-2016;07 - 08;1945;1386;3331
10-01-2016;08 - 09;2115;1519;3634
10-01-2016;09 - 10;2239;1639;3878
10-01-2016;10 - 11;2359;1733;4092
10-01-2016;11 - 12;2390;1775;4165
10-01-2016;12 - 13;2386;1784;4170
10-01-2016;13 - 14;2415;1781;4196
10-01-2016;14 - 15;2398;1802;4200
10-01-2016;15 - 16;2406;1847;4253
10-01-2016;16 - 17;2554;1972;4526
10-01-2016;17 - 18;2820;2124;4944
10-01-2016;18 - 19;2760;2080;4840
10-01-2016;19 - 20;2582;1942;4524
10-01-2016;20 - 21;2399;1793;4192
10-01-2016;21 - 22;2255;1656;3911
10-01-2016;22 - 23;2089;1516;3605
10-01-2016;23 - 00;1967;1390;3357
11-01-2016;00 - 01;1859;1282;3141
11-01-2016;01 - 02;1776;1198;2974
11-01-2016;02 - 03;1766;1176;2942
11-01-2016;03 - 04;1778;1192;2970
11-01-2016;04 - 05;1846;1225;3071
11-01-2016;05 - 06;1991;1311;3302
11-01-2016;06 - 07;2395;1578;3973
11-01-2016;07 - 08;2833;1818;4651
11-01-2016;08 - 09;3015;1888;4903
11-01-2016;09 - 10;2984;1882;4866
11-01-2016;10 - 11;3013;1907;4920
11-01-2016;11 - 12;3031;1881;4912
11-01-2016;12 - 13;2953;1859;4812
11-01-2016;13 - 14;2970;1874;4844
11-01-2016;14 - 15;2952;1896;4848
11-01-2016;15 - 16;2852;1868;4720
11-01-2016;16 - 17;2935;1955;4890
11-01-2016;17 - 18;3147;2116;5263
11-01-2016;18 - 19;2979;2057;5036
11-01-2016;19 - 20;2815;1978;4793
11-01-2016;20 - 21;2617;1820;4437
11-01-2016;21 - 22;2452;1702;4154
11-01-2016;22 - 23;2262;1523;3785
11-01-2016;23 - 00;2078;1369;3447
12-01-2016;00 - 01;1959;1256;3215
12-01-2016;01 - 02;1894;1204;3098
12-01-2016;02 - 03;1862;1177;3039
12-01-2016;03 - 04;1876;1185;3061
12-01-2016;04 - 05;1945;1217;3162
12-01-2016;05 - 06;2117;1311;3428
12-01-2016;06 - 07;2496;1559;4055
12-01-2016;07 - 08;2922;1790;4712
12-01-2016;08 - 09;3030;1905;4935
12-01-2016;09 - 10;3022;1912;4934
12-01-2016;10 - 11;3055;1935;4990
12-01-2016;11 - 12;3042;1936;4978
12-01-2016;12 - 13;2971;1918;4889
12-01-2016;13 - 14;3009;1899;4908
12-01-2016;14 - 15;2965;1873;4838
12-01-2016;15 - 16;2876;1877;4753
12-01-2016;16 - 17;2957;1993;4950
12-01-2016;17 - 18;3176;2137;5313
12-01-2016;18 - 19;3027;2050;5077
12-01-2016;19 - 20;2841;1909;4750
12-01-2016;20 - 21;2661;1775;4436
12-01-2016;21 - 22;2504;1658;4162
12-01-2016;22 - 23;2296;1502;3798
12-01-2016;23 - 00;2082;1348;3430
13-01-2016;00 - 01;1924;1250;3174
13-01-2016;01 - 02;1879;1199;3078
13-01-2016;02 - 03;1883;1176;3059
13-01-2016;03 - 04;1899;1173;3072
13-01-2016;04 - 05;1930;1197;3127
13-01-2016;05 - 06;2064;1305;3369
13-01-2016;06 - 07;2480;1585;4065
13-01-2016;07 - 08;2941;1852;4793
13-01-2016;08 - 09;3125;1977;5102
13-01-2016;09 - 10;3085;2000;5085
13-01-2016;10 - 11;3104;1945;5049
13-01-2016;11 - 12;2859;1915;4774
13-01-2016;12 - 13;2645;1921;4566
13-01-2016;13 - 14;2662;1917;4579
13-01-2016;14 - 15;2729;1906;4635
13-01-2016;15 - 16;2734;1927;4661
13-01-2016;16 - 17;2897;2028;4925
13-01-2016;17 - 18;3307;2213;5520
13-01-2016;18 - 19;3231;2171;5402
13-01-2016;19 - 20;3015;2029;5044
13-01-2016;20 - 21;2813;1883;4696
13-01-2016;21 - 22;2628;1744;4372
13-01-2016;22 - 23;2429;1596;4025
13-01-2016;23 - 00;2212;1437;3649
14-01-2016;00 - 01;2079;1327;3406
14-01-2016;01 - 02;2005;1269;3274
14-01-2016;02 - 03;1984;1241;3225
14-01-2016;03 - 04;1996;1251;3247
14-01-2016;04 - 05;2039;1284;3323
14-01-2016;05 - 06;2195;1384;3579
14-01-2016;06 - 07;2587;1634;4221
14-01-2016;07 - 08;3062;1878;4940
14-01-2016;08 - 09;3164;1955;5119
14-01-2016;09 - 10;3139;2001;5140
14-01-2016;10 - 11;3205;2004;5209
14-01-2016;11 - 12;3200;1998;5198
14-01-2016;12 - 13;3105;1990;5095
14-01-2016;13 - 14;3126;1967;5093
14-01-2016;14 - 15;3093;1955;5048
14-01-2016;15 - 16;3004;1924;4928
14-01-2016;16 - 17;3116;2037;5153
14-01-2016;17 - 18;3315;2198;5513
14-01-2016;18 - 19;3157;2144;5301
14-01-2016;19 - 20;2958;2013;4971
14-01-2016;20 - 21;2771;1865;4636
14-01-2016;21 - 22;2581;1763;4344
14-01-2016;22 - 23;2384;1608;3992
14-01-2016;23 - 00;2206;1457;3663
15-01-2016;00 - 01;2069;1360;3429
15-01-2016;01 - 02;1996;1287;3283
15-01-2016;02 - 03;1970;1267;3237
15-01-2016;03 - 04;1994;1277;3271
15-01-2016;04 - 05;2051;1307;3358
15-01-2016;05 - 06;2208;1398;3606
15-01-2016;06 - 07;2621;1599;4220
15-01-2016;07 - 08;3080;1823;4903
15-01-2016;08 - 09;3264;1953;5217
15-01-2016;09 - 10;3199;2016;5215
15-01-2016;10 - 11;3265;2054;5319
15-01-2016;11 - 12;3212;2028;5240
15-01-2016;12 - 13;3068;1991;5059
15-01-2016;13 - 14;2960;1999;4959
15-01-2016;14 - 15;2841;1988;4829
15-01-2016;15 - 16;2788;1966;4754
15-01-2016;16 - 17;2941;2103;5044
15-01-2016;17 - 18;3207;2290;5497
15-01-2016;18 - 19;3101;2251;5352
15-01-2016;19 - 20;2848;2080;4928
15-01-2016;20 - 21;2623;1934;4557
15-01-2016;21 - 22;2479;1819;4298
15-01-2016;22 - 23;2334;1705;4039
15-01-2016;23 - 00;2174;1593;3767
16-01-2016;00 - 01;2044;1493;3537
16-01-2016;01 - 02;1958;1425;3383
16-01-2016;02 - 03;1921;1390;3311
16-01-2016;03 - 04;1904;1378;3282
16-01-2016;04 - 05;1904;1379;3283
16-01-2016;05 - 06;1964;1407;3371
16-01-2016;06 - 07;2089;1466;3555
16-01-2016;07 - 08;2295;1595;3890
16-01-2016;08 - 09;2490;1739;4229
16-01-2016;09 - 10;2581;1838;4419
16-01-2016;10 - 11;2647;1921;4568
16-01-2016;11 - 12;2626;1933;4559
16-01-2016;12 - 13;2568;1922;4490
16-01-2016;13 - 14;2495;1903;4398
16-01-2016;14 - 15;2447;1879;4326
16-01-2016;15 - 16;2448;1885;4333
16-01-2016;16 - 17;2607;2000;4607
16-01-2016;17 - 18;2902;2180;5082
16-01-2016;18 - 19;2807;2136;4943
16-01-2016;19 - 20;2605;1991;4596
16-01-2016;20 - 21;2458;1875;4333
16-01-2016;21 - 22;2327;1773;4100
16-01-2016;22 - 23;2195;1658;3853
16-01-2016;23 - 00;2043;1543;3586
17-01-2016;00 - 01;1952;1442;3394
17-01-2016;01 - 02;1887;1386;3273
17-01-2016;02 - 03;1847;1359;3206
17-01-2016;03 - 04;1834;1349;3183
17-01-2016;04 - 05;1863;1352;3215
17-01-2016;05 - 06;1925;1392;3317
17-01-2016;06 - 07;2052;1463;3515
17-01-2016;07 - 08;2228;1565;3793
17-01-2016;08 - 09;2416;1679;4095
17-01-2016;09 - 10;2509;1800;4309
17-01-2016;10 - 11;2528;1849;4377
17-01-2016;11 - 12;2498;1843;4341
17-01-2016;12 - 13;2434;1804;4238
17-01-2016;13 - 14;2403;1771;4174
17-01-2016;14 - 15;2389;1778;4167
17-01-2016;15 - 16;2392;1812;4204
17-01-2016;16 - 17;2590;1948;4538
17-01-2016;17 - 18;2992;2167;5159
17-01-2016;18 - 19;2931;2148;5079
17-01-2016;19 - 20;2743;2007;4750
17-01-2016;20 - 21;2557;1878;4435
17-01-2016;21 - 22;2434;1767;4201
17-01-2016;22 - 23;2281;1626;3907
17-01-2016;23 - 00;2153;1518;3671
18-01-2016;00 - 01;2061;1438;3499
18-01-2016;01 - 02;2015;1374;3389
18-01-2016;02 - 03;1988;1357;3345
18-01-2016;03 - 04;1981;1375;3356
18-01-2016;04 - 05;2066;1407;3473
18-01-2016;05 - 06;2235;1526;3761
18-01-2016;06 - 07;2669;1779;4448
18-01-2016;07 - 08;3144;2068;5212
18-01-2016;08 - 09;3301;2156;5457
18-01-2016;09 - 10;3238;2162;5400
18-01-2016;10 - 11;3264;2125;5389
18-01-2016;11 - 12;3242;2100;5342
18-01-2016;12 - 13;3151;2121;5272
18-01-2016;13 - 14;3140;2114;5254
18-01-2016;14 - 15;3049;2094;5143
18-01-2016;15 - 16;2984;2067;5051
18-01-2016;16 - 17;3067;2136;5203
18-01-2016;17 - 18;3363;2338;5701
18-01-2016;18 - 19;3185;2301;5486
18-01-2016;19 - 20;2978;2111;5089
18-01-2016;20 - 21;2774;1979;4753
18-01-2016;21 - 22;2596;1845;4441
18-01-2016;22 - 23;2407;1693;4100
18-01-2016;23 - 00;2154;1528;3682
19-01-2016;00 - 01;2072;1435;3507
19-01-2016;01 - 02;2031;1364;3395
19-01-2016;02 - 03;2078;1343;3421
19-01-2016;03 - 04;2063;1356;3419
19-01-2016;04 - 05;2084;1389;3473
19-01-2016;05 - 06;2220;1497;3717
19-01-2016;06 - 07;2635;1760;4395
19-01-2016;07 - 08;3095;2046;5141
19-01-2016;08 - 09;3264;2146;5410
19-01-2016;09 - 10;3170;2126;5296
19-01-2016;10 - 11;3258;2166;5424
19-01-2016;11 - 12;3230;2103;5333
19-01-2016;12 - 13;3063;2099;5162
19-01-2016;13 - 14;3026;2084;5110
19-01-2016;14 - 15;2965;2006;4971
19-01-2016;15 - 16;2906;2003;4909
19-01-2016;16 - 17;3014;2106;5120
19-01-2016;17 - 18;3351;2302;5653
19-01-2016;18 - 19;3224;2237;5461
19-01-2016;19 - 20;3052;2075;5127
19-01-2016;20 - 21;2865;1929;4794
19-01-2016;21 - 22;2688;1778;4466
19-01-2016;22 - 23;2525;1618;4143
19-01-2016;23 - 00;2325;1465;3790
20-01-2016;00 - 01;2198;1382;3580
20-01-2016;01 - 02;2134;1329;3463
20-01-2016;02 - 03;2111;1297;3408
20-01-2016;03 - 04;2121;1324;3445
20-01-2016;04 - 05;2173;1366;3539
20-01-2016;05 - 06;2330;1480;3810
20-01-2016;06 - 07;2758;1708;4466
20-01-2016;07 - 08;3266;1949;5215
20-01-2016;08 - 09;3387;1920;5307
20-01-2016;09 - 10;3356;2040;5396
20-01-2016;10 - 11;3347;2099;5446
20-01-2016;11 - 12;3305;2042;5347
20-01-2016;12 - 13;3195;2045;5240
20-01-2016;13 - 14;3163;2020;5183
20-01-2016;14 - 15;3097;2022;5119
20-01-2016;15 - 16;3009;2020;5029
20-01-2016;16 - 17;3080;2088;5168
20-01-2016;17 - 18;3410;2295;5705
20-01-2016;18 - 19;3301;2240;5541
20-01-2016;19 - 20;3098;2103;5201
20-01-2016;20 - 21;2919;1983;4902
20-01-2016;21 - 22;2744;1837;4581
20-01-2016;22 - 23;2563;1665;4228
20-01-2016;23 - 00;2372;1526;3898
21-01-2016;00 - 01;2250;1462;3712
21-01-2016;01 - 02;2201;1390;3591
21-01-2016;02 - 03;2182;1371;3553
21-01-2016;03 - 04;2188;1374;3562
21-01-2016;04 - 05;2249;1398;3647
21-01-2016;05 - 06;2395;1523;3918
21-01-2016;06 - 07;2806;1756;4562
21-01-2016;07 - 08;3300;2028;5328
21-01-2016;08 - 09;3464;2086;5550
21-01-2016;09 - 10;3342;2096;5438
21-01-2016;10 - 11;3353;2080;5433
21-01-2016;11 - 12;3306;2075;5381
21-01-2016;12 - 13;3198;2055;5253
21-01-2016;13 - 14;3169;2083;5252
21-01-2016;14 - 15;3123;2059;5182
21-01-2016;15 - 16;3072;2041;5113
21-01-2016;16 - 17;3145;2134;5279
21-01-2016;17 - 18;3448;2368;5816
21-01-2016;18 - 19;3314;2318;5632
21-01-2016;19 - 20;3088;2170;5258
21-01-2016;20 - 21;2913;2031;4944
21-01-2016;21 - 22;2730;1904;4634
21-01-2016;22 - 23;2516;1746;4262
21-01-2016;23 - 00;2318;1604;3922
22-01-2016;00 - 01;2192;1509;3701
22-01-2016;01 - 02;2138;1448;3586
22-01-2016;02 - 03;2114;1423;3537
22-01-2016;03 - 04;2117;1423;3540
22-01-2016;04 - 05;2163;1449;3612
22-01-2016;05 - 06;2317;1562;3879
22-01-2016;06 - 07;2717;1812;4529
22-01-2016;07 - 08;3203;2054;5257
22-01-2016;08 - 09;3343;2121;5464
22-01-2016;09 - 10;3296;2180;5476
22-01-2016;10 - 11;3270;2173;5443
22-01-2016;11 - 12;3184;2142;5326
22-01-2016;12 - 13;3054;2061;5115
22-01-2016;13 - 14;2862;2023;4885
22-01-2016;14 - 15;2775;1980;4755
22-01-2016;15 - 16;2733;1959;4692
22-01-2016;16 - 17;2835;2064;4899
22-01-2016;17 - 18;3165;2298;5463
22-01-2016;18 - 19;3040;2274;5314
22-01-2016;19 - 20;2794;2118;4912
22-01-2016;20 - 21;2580;1962;4542
22-01-2016;21 - 22;2439;1848;4287
22-01-2016;22 - 23;2276;1720;3996
22-01-2016;23 - 00;2106;1604;3710
23-01-2016;00 - 01;1964;1496;3460
23-01-2016;01 - 02;1916;1411;3327
23-01-2016;02 - 03;1879;1368;3247
23-01-2016;03 - 04;1880;1358;3238
23-01-2016;04 - 05;1920;1356;3276
23-01-2016;05 - 06;1982;1386;3368
23-01-2016;06 - 07;2117;1451;3568
23-01-2016;07 - 08;2329;1590;3919
23-01-2016;08 - 09;2530;1724;4254
23-01-2016;09 - 10;2622;1840;4462
23-01-2016;10 - 11;2661;1913;4574
23-01-2016;11 - 12;2676;1935;4611
23-01-2016;12 - 13;2577;1908;4485
23-01-2016;13 - 14;2522;1867;4389
23-01-2016;14 - 15;2466;1836;4302
23-01-2016;15 - 16;2449;1832;4281
23-01-2016;16 - 17;2552;1938;4490
23-01-2016;17 - 18;2880;2133;5013
23-01-2016;18 - 19;2810;2106;4916
23-01-2016;19 - 20;2589;1941;4530
23-01-2016;20 - 21;2402;1802;4204
23-01-2016;21 - 22;2251;1708;3959
23-01-2016;22 - 23;2108;1600;3708
23-01-2016;23 - 00;1959;1475;3434
24-01-2016;00 - 01;1849;1380;3229
24-01-2016;01 - 02;1784;1313;3097
24-01-2016;02 - 03;1752;1270;3022
24-01-2016;03 - 04;1714;1257;2971
24-01-2016;04 - 05;1730;1245;2975
24-01-2016;05 - 06;1792;1268;3060
24-01-2016;06 - 07;1924;1320;3244
24-01-2016;07 - 08;2078;1437;3515
24-01-2016;08 - 09;2238;1551;3789
24-01-2016;09 - 10;2376;1691;4067
24-01-2016;10 - 11;2442;1772;4214
24-01-2016;11 - 12;2454;1796;4250
24-01-2016;12 - 13;2411;1793;4204
24-01-2016;13 - 14;2366;1790;4156
24-01-2016;14 - 15;2382;1752;4134
24-01-2016;15 - 16;2412;1772;4184
24-01-2016;16 - 17;2555;1892;4447
24-01-2016;17 - 18;2854;2096;4950
24-01-2016;18 - 19;2775;2071;4846
24-01-2016;19 - 20;2611;1922;4533
24-01-2016;20 - 21;2442;1789;4231
24-01-2016;21 - 22;2286;1673;3959
24-01-2016;22 - 23;2157;1518;3675
24-01-2016;23 - 00;2045;1379;3424
25-01-2016;00 - 01;1881;1280;3161
25-01-2016;01 - 02;1833;1233;3066
25-01-2016;02 - 03;1807;1218;3025
25-01-2016;03 - 04;1796;1213;3009
25-01-2016;04 - 05;1853;1262;3115
25-01-2016;05 - 06;2034;1354;3388
25-01-2016;06 - 07;2504;1581;4085
25-01-2016;07 - 08;2961;1898;4859
25-01-2016;08 - 09;3090;1978;5068
25-01-2016;09 - 10;3074;1994;5068
25-01-2016;10 - 11;3111;2008;5119
25-01-2016;11 - 12;3086;1999;5085
25-01-2016;12 - 13;2983;1975;4958
25-01-2016;13 - 14;3007;1949;4956
25-01-2016;14 - 15;2949;1927;4876
25-01-2016;15 - 16;2836;1903;4739
25-01-2016;16 - 17;2856;1986;4842
25-01-2016;17 - 18;3180;2195;5375
25-01-2016;18 - 19;3069;2106;5175
25-01-2016;19 - 20;2871;1972;4843
25-01-2016;20 - 21;2613;1820;4433
25-01-2016;21 - 22;2415;1670;4085
25-01-2016;22 - 23;2153;1487;3640
25-01-2016;23 - 00;1996;1357;3353
26-01-2016;00 - 01;1946;1258;3204
26-01-2016;01 - 02;1844;1211;3055
26-01-2016;02 - 03;1817;1171;2988
26-01-2016;03 - 04;1809;1162;2971
26-01-2016;04 - 05;1832;1190;3022
26-01-2016;05 - 06;1956;1289;3245
26-01-2016;06 - 07;2409;1574;3983
26-01-2016;07 - 08;2912;1893;4805
26-01-2016;08 - 09;3020;1937;4957
26-01-2016;09 - 10;3022;1976;4998
26-01-2016;10 - 11;3048;1990;5038
26-01-2016;11 - 12;3013;1921;4934
26-01-2016;12 - 13;2930;1898;4828
26-01-2016;13 - 14;2970;1894;4864
26-01-2016;14 - 15;2928;1872;4800
26-01-2016;15 - 16;2842;1859;4701
26-01-2016;16 - 17;2898;1959;4857
26-01-2016;17 - 18;3151;2148;5299
26-01-2016;18 - 19;3010;2087;5097
26-01-2016;19 - 20;2813;1993;4806
26-01-2016;20 - 21;2607;1844;4451
26-01-2016;21 - 22;2418;1699;4117
26-01-2016;22 - 23;2236;1549;3785
26-01-2016;23 - 00;2050;1414;3464
27-01-2016;00 - 01;1930;1326;3256
27-01-2016;01 - 02;1869;1304;3173
27-01-2016;02 - 03;1824;1259;3083
27-01-2016;03 - 04;1827;1220;3047
27-01-2016;04 - 05;1882;1218;3100
27-01-2016;05 - 06;1977;1320;3297
27-01-2016;06 - 07;2400;1605;4005
27-01-2016;07 - 08;2869;1894;4763
27-01-2016;08 - 09;3013;1979;4992
27-01-2016;09 - 10;2975;1989;4964
27-01-2016;10 - 11;3055;2004;5059
27-01-2016;11 - 12;3057;1982;5039
27-01-2016;12 - 13;2965;1977;4942
27-01-2016;13 - 14;2954;1972;4926
27-01-2016;14 - 15;2885;1949;4834
27-01-2016;15 - 16;2691;1924;4615
27-01-2016;16 - 17;2668;2003;4671
27-01-2016;17 - 18;2898;2200;5098
27-01-2016;18 - 19;2685;2107;4792
27-01-2016;19 - 20;2479;1958;4437
27-01-2016;20 - 21;2298;1833;4131
27-01-2016;21 - 22;2127;1694;3821
27-01-2016;22 - 23;1930;1529;3459
27-01-2016;23 - 00;1817;1370;3187
28-01-2016;00 - 01;1649;1280;2929
28-01-2016;01 - 02;1607;1231;2838
28-01-2016;02 - 03;1604;1210;2814
28-01-2016;03 - 04;1635;1211;2846
28-01-2016;04 - 05;1667;1230;2897
28-01-2016;05 - 06;1842;1340;3182
28-01-2016;06 - 07;2234;1609;3843
28-01-2016;07 - 08;2710;1888;4598
28-01-2016;08 - 09;2824;1944;4768
28-01-2016;09 - 10;2781;1955;4736
28-01-2016;10 - 11;2738;1970;4708
28-01-2016;11 - 12;2748;1946;4694
28-01-2016;12 - 13;2656;1925;4581
28-01-2016;13 - 14;2678;1919;4597
28-01-2016;14 - 15;2624;1890;4514
28-01-2016;15 - 16;2710;1857;4567
28-01-2016;16 - 17;2813;1911;4724
28-01-2016;17 - 18;3127;2159;5286
28-01-2016;18 - 19;3023;2101;5124
28-01-2016;19 - 20;2828;1960;4788
28-01-2016;20 - 21;2631;1829;4460
28-01-2016;21 - 22;2462;1695;4157
28-01-2016;22 - 23;2265;1527;3792
28-01-2016;23 - 00;2046;1387;3433
29-01-2016;00 - 01;1947;1295;3242
29-01-2016;01 - 02;1894;1231;3125
29-01-2016;02 - 03;1890;1218;3108
29-01-2016;03 - 04;1890;1220;3110
29-01-2016;04 - 05;1914;1231;3145
29-01-2016;05 - 06;2054;1338;3392
29-01-2016;06 - 07;2483;1606;4089
29-01-2016;07 - 08;2907;1897;4804
29-01-2016;08 - 09;2966;1958;4924
29-01-2016;09 - 10;2936;1987;4923
29-01-2016;10 - 11;3067;2019;5086
29-01-2016;11 - 12;3014;2000;5014
29-01-2016;12 - 13;2883;1992;4875
29-01-2016;13 - 14;2805;1972;4777
29-01-2016;14 - 15;2653;1956;4609
29-01-2016;15 - 16;2497;1903;4400
29-01-2016;16 - 17;2538;1974;4512
29-01-2016;17 - 18;2806;2108;4914
29-01-2016;18 - 19;2728;2063;4791
29-01-2016;19 - 20;2526;1911;4437
29-01-2016;20 - 21;2328;1745;4073
29-01-2016;21 - 22;2223;1634;3857
29-01-2016;22 - 23;2098;1521;3619
29-01-2016;23 - 00;1891;1423;3314
30-01-2016;00 - 01;1775;1313;3088
30-01-2016;01 - 02;1693;1256;2949
30-01-2016;02 - 03;1650;1205;2855
30-01-2016;03 - 04;1659;1199;2858
30-01-2016;04 - 05;1700;1208;2908
30-01-2016;05 - 06;1734;1246;2980
30-01-2016;06 - 07;1870;1317;3187
30-01-2016;07 - 08;2065;1423;3488
30-01-2016;08 - 09;2265;1512;3777
30-01-2016;09 - 10;2331;1307;3638
30-01-2016;10 - 11;2432;1416;3848
30-01-2016;11 - 12;2365;1445;3810
30-01-2016;12 - 13;2326;1629;3955
30-01-2016;13 - 14;2261;1685;3946
30-01-2016;14 - 15;2234;1644;3878
30-01-2016;15 - 16;2246;1655;3901
30-01-2016;16 - 17;2315;1715;4030
30-01-2016;17 - 18;2620;1941;4561
30-01-2016;18 - 19;2588;1924;4512
30-01-2016;19 - 20;2402;1806;4208
30-01-2016;20 - 21;2227;1688;3915
30-01-2016;21 - 22;2075;1573;3648
30-01-2016;22 - 23;1974;1518;3492
30-01-2016;23 - 00;1867;1444;3311
31-01-2016;00 - 01;1758;1365;3123
31-01-2016;01 - 02;1718;1313;3031
31-01-2016;02 - 03;1668;1278;2946
31-01-2016;03 - 04;1662;1300;2962
31-01-2016;04 - 05;1653;1308;2961
31-01-2016;05 - 06;1718;1319;3037
31-01-2016;06 - 07;1805;1323;3128
31-01-2016;07 - 08;1997;1431;3428
31-01-2016;08 - 09;2112;1527;3639
31-01-2016;09 - 10;2272;1643;3915
31-01-2016;10 - 11;2299;1690;3989
31-01-2016;11 - 12;2308;1707;4015
31-01-2016;12 - 13;2313;1706;4019
31-01-2016;13 - 14;2301;1714;4015
31-01-2016;14 - 15;2272;1702;3974
31-01-2016;15 - 16;2308;1689;3997
31-01-2016;16 - 17;2384;1768;4152
31-01-2016;17 - 18;2746;2023;4769
31-01-2016;18 - 19;2722;2037;4759
31-01-2016;19 - 20;2550;1906;4456
31-01-2016;20 - 21;2352;1761;4113
31-01-2016;21 - 22;2200;1640;3840
31-01-2016;22 - 23;2050;1504;3554
31-01-2016;23 - 00;1896;1378;3274
01-02-2016;00 - 01;1812;1315;3127
01-02-2016;01 - 02;1814;1261;3075
01-02-2016;02 - 03;1804;1235;3039
01-02-2016;03 - 04;1830;1244;3074
01-02-2016;04 - 05;1901;1271;3172
01-02-2016;05 - 06;2058;1365;3423
01-02-2016;06 - 07;2472;1635;4107
01-02-2016;07 - 08;2944;1931;4875
01-02-2016;08 - 09;3073;1991;5064
01-02-2016;09 - 10;3079;2011;5090
01-02-2016;10 - 11;3104;2048;5152
01-02-2016;11 - 12;3114;2057;5171
01-02-2016;12 - 13;2975;2044;5019
01-02-2016;13 - 14;3048;2029;5077
01-02-2016;14 - 15;2972;2010;4982
01-02-2016;15 - 16;2826;1995;4821
01-02-2016;16 - 17;2811;2046;4857
01-02-2016;17 - 18;3085;2228;5313
01-02-2016;18 - 19;2970;2167;5137
01-02-2016;19 - 20;2769;2027;4796
01-02-2016;20 - 21;2567;1855;4422
01-02-2016;21 - 22;2343;1720;4063
01-02-2016;22 - 23;2194;1558;3752
01-02-2016;23 - 00;2026;1420;3446
02-02-2016;00 - 01;1910;1349;3259
02-02-2016;01 - 02;1835;1352;3187
02-02-2016;02 - 03;1781;1335;3116
02-02-2016;03 - 04;1829;1292;3121
02-02-2016;04 - 05;1896;1308;3204
02-02-2016;05 - 06;2051;1405;3456
02-02-2016;06 - 07;2350;1651;4001
02-02-2016;07 - 08;2837;1923;4760
02-02-2016;08 - 09;2957;1992;4949
02-02-2016;09 - 10;2937;2014;4951
02-02-2016;10 - 11;2975;2025;5000
02-02-2016;11 - 12;2937;2028;4965
02-02-2016;12 - 13;2860;2011;4871
02-02-2016;13 - 14;2872;2002;4874
02-02-2016;14 - 15;2802;1979;4781
02-02-2016;15 - 16;2684;1971;4655
02-02-2016;16 - 17;2677;2014;4691
02-02-2016;17 - 18;2978;2218;5196
02-02-2016;18 - 19;2862;2181;5043
02-02-2016;19 - 20;2661;2041;4702
02-02-2016;20 - 21;2480;1891;4371
02-02-2016;21 - 22;2323;1757;4080
02-02-2016;22 - 23;2152;1592;3744
02-02-2016;23 - 00;1952;1437;3389
03-02-2016;00 - 01;1835;1353;3188
03-02-2016;01 - 02;1787;1290;3077
03-02-2016;02 - 03;1759;1280;3039
03-02-2016;03 - 04;1778;1276;3054
03-02-2016;04 - 05;1831;1312;3143
03-02-2016;05 - 06;1995;1410;3405
03-02-2016;06 - 07;2428;1677;4105
03-02-2016;07 - 08;2896;1946;4842
03-02-2016;08 - 09;2993;2021;5014
03-02-2016;09 - 10;2998;2034;5032
03-02-2016;10 - 11;2995;2060;5055
03-02-2016;11 - 12;2944;2038;4982
03-02-2016;12 - 13;2882;2011;4893
03-02-2016;13 - 14;2881;1979;4860
03-02-2016;14 - 15;2759;1949;4708
03-02-2016;15 - 16;2693;1906;4599
03-02-2016;16 - 17;2702;1957;4659
03-02-2016;17 - 18;3002;2204;5206
03-02-2016;18 - 19;2953;2174;5127
03-02-2016;19 - 20;2738;2052;4790
03-02-2016;20 - 21;2562;1903;4465
03-02-2016;21 - 22;2374;1771;4145
03-02-2016;22 - 23;2188;1617;3805
03-02-2016;23 - 00;2013;1469;3482
04-02-2016;00 - 01;1890;1380;3270
04-02-2016;01 - 02;1850;1312;3162
04-02-2016;02 - 03;1831;1278;3109
04-02-2016;03 - 04;1897;1292;3189
04-02-2016;04 - 05;1956;1336;3292
04-02-2016;05 - 06;2088;1411;3499
04-02-2016;06 - 07;2523;1712;4235
04-02-2016;07 - 08;2933;1975;4908
04-02-2016;08 - 09;3021;2005;5026
04-02-2016;09 - 10;2961;2014;4975
04-02-2016;10 - 11;2983;2020;5003
04-02-2016;11 - 12;2869;1998;4867
04-02-2016;12 - 13;2783;1977;4760
04-02-2016;13 - 14;2788;1969;4757
04-02-2016;14 - 15;2769;1920;4689
04-02-2016;15 - 16;2669;1892;4561
04-02-2016;16 - 17;2710;1931;4641
04-02-2016;17 - 18;3047;2154;5201
04-02-2016;18 - 19;3000;2158;5158
04-02-2016;19 - 20;2802;1984;4786
04-02-2016;20 - 21;2635;1857;4492
04-02-2016;21 - 22;2500;1728;4228
04-02-2016;22 - 23;2281;1582;3863
04-02-2016;23 - 00;2056;1443;3499
05-02-2016;00 - 01;1946;1348;3294
05-02-2016;01 - 02;1898;1283;3181
05-02-2016;02 - 03;1884;1255;3139
05-02-2016;03 - 04;1871;1259;3130
05-02-2016;04 - 05;1937;1271;3208
05-02-2016;05 - 06;2121;1379;3500
05-02-2016;06 - 07;2549;1632;4181
05-02-2016;07 - 08;3006;1909;4915
05-02-2016;08 - 09;3075;1965;5040
05-02-2016;09 - 10;3074;1991;5065
05-02-2016;10 - 11;3137;2019;5156
05-02-2016;11 - 12;3080;2000;5080
05-02-2016;12 - 13;2951;1960;4911
05-02-2016;13 - 14;2860;1949;4809
05-02-2016;14 - 15;2739;1924;4663
05-02-2016;15 - 16;2662;1897;4559
05-02-2016;16 - 17;2690;1950;4640
05-02-2016;17 - 18;2954;2149;5103
05-02-2016;18 - 19;2854;2120;4974
05-02-2016;19 - 20;2616;1958;4574
05-02-2016;20 - 21;2435;1792;4227
05-02-2016;21 - 22;2318;1676;3994
05-02-2016;22 - 23;2131;1546;3677
05-02-2016;23 - 00;1945;1428;3373
06-02-2016;00 - 01;1760;1331;3091
06-02-2016;01 - 02;1686;1250;2936
06-02-2016;02 - 03;1636;1230;2866
06-02-2016;03 - 04;1667;1207;2874
06-02-2016;04 - 05;1680;1202;2882
06-02-2016;05 - 06;1740;1227;2967
06-02-2016;06 - 07;1858;1299;3157
06-02-2016;07 - 08;2051;1431;3482
06-02-2016;08 - 09;2271;1522;3793
06-02-2016;09 - 10;2414;1651;4065
06-02-2016;10 - 11;2418;1730;4148
06-02-2016;11 - 12;2393;1755;4148
06-02-2016;12 - 13;2364;1741;4105
06-02-2016;13 - 14;2361;1733;4094
06-02-2016;14 - 15;2310;1692;4002
06-02-2016;15 - 16;2313;1664;3977
06-02-2016;16 - 17;2355;1729;4084
06-02-2016;17 - 18;2607;1952;4559
06-02-2016;18 - 19;2554;1979;4533
06-02-2016;19 - 20;2336;1807;4143
06-02-2016;20 - 21;2192;1661;3853
06-02-2016;21 - 22;2098;1580;3678
06-02-2016;22 - 23;1944;1467;3411
06-02-2016;23 - 00;1807;1369;3176
07-02-2016;00 - 01;1699;1287;2986
07-02-2016;01 - 02;1617;1214;2831
07-02-2016;02 - 03;1596;1172;2768
07-02-2016;03 - 04;1603;1162;2765
07-02-2016;04 - 05;1626;1159;2785
07-02-2016;05 - 06;1653;1190;2843
07-02-2016;06 - 07;1755;1255;3010
07-02-2016;07 - 08;1934;1351;3285
07-02-2016;08 - 09;2063;1461;3524
07-02-2016;09 - 10;2163;1563;3726
07-02-2016;10 - 11;2208;1628;3836
07-02-2016;11 - 12;2241;1643;3884
07-02-2016;12 - 13;2266;1643;3909
07-02-2016;13 - 14;2196;1645;3841
07-02-2016;14 - 15;2210;1636;3846
07-02-2016;15 - 16;2157;1636;3793
07-02-2016;16 - 17;2237;1696;3933
07-02-2016;17 - 18;2544;1918;4462
07-02-2016;18 - 19;2624;1962;4586
07-02-2016;19 - 20;2417;1816;4233
07-02-2016;20 - 21;2269;1658;3927
07-02-2016;21 - 22;2098;1580;3678
07-02-2016;22 - 23;1920;1456;3376
07-02-2016;23 - 00;1808;1326;3134
08-02-2016;00 - 01;1743;1239;2982
08-02-2016;01 - 02;1695;1197;2892
08-02-2016;02 - 03;1682;1167;2849
08-02-2016;03 - 04;1716;1184;2900
08-02-2016;04 - 05;1747;1217;2964
08-02-2016;05 - 06;1913;1319;3232
08-02-2016;06 - 07;2366;1579;3945
08-02-2016;07 - 08;2799;1858;4657
08-02-2016;08 - 09;2955;1938;4893
08-02-2016;09 - 10;2938;1984;4922
08-02-2016;10 - 11;2953;1985;4938
08-02-2016;11 - 12;2927;1986;4913
08-02-2016;12 - 13;2858;1956;4814
08-02-2016;13 - 14;2886;1949;4835
08-02-2016;14 - 15;2875;1892;4767
08-02-2016;15 - 16;2778;1847;4625
08-02-2016;16 - 17;2748;1900;4648
08-02-2016;17 - 18;3035;2106;5141
08-02-2016;18 - 19;2968;2086;5054
08-02-2016;19 - 20;2750;1942;4692
08-02-2016;20 - 21;2580;1802;4382
08-02-2016;21 - 22;2427;1667;4094
08-02-2016;22 - 23;2206;1514;3720
08-02-2016;23 - 00;2060;1389;3449
09-02-2016;00 - 01;1964;1286;3250
09-02-2016;01 - 02;1906;1239;3145
09-02-2016;02 - 03;1872;1211;3083
09-02-2016;03 - 04;1871;1205;3076
09-02-2016;04 - 05;1925;1227;3152
09-02-2016;05 - 06;2061;1332;3393
09-02-2016;06 - 07;2494;1567;4061
09-02-2016;07 - 08;2907;1852;4759
09-02-2016;08 - 09;3015;1919;4934
09-02-2016;09 - 10;3006;1945;4951
09-02-2016;10 - 11;3016;1967;4983
09-02-2016;11 - 12;2939;1939;4878
09-02-2016;12 - 13;2872;1839;4711
09-02-2016;13 - 14;2872;1822;4694
09-02-2016;14 - 15;2814;1845;4659
09-02-2016;15 - 16;2745;1864;4609
09-02-2016;16 - 17;2768;1909;4677
09-02-2016;17 - 18;3068;2132;5200
09-02-2016;18 - 19;3050;2131;5181
09-02-2016;19 - 20;2854;1989;4843
09-02-2016;20 - 21;2669;1826;4495
09-02-2016;21 - 22;2495;1697;4192
09-02-2016;22 - 23;2301;1524;3825
09-02-2016;23 - 00;2124;1400;3524
10-02-2016;00 - 01;1990;1298;3288
10-02-2016;01 - 02;1950;1267;3217
10-02-2016;02 - 03;1937;1242;3179
10-02-2016;03 - 04;1935;1270;3205
10-02-2016;04 - 05;1981;1313;3294
10-02-2016;05 - 06;2149;1385;3534
10-02-2016;06 - 07;2558;1657;4215
10-02-2016;07 - 08;3016;1906;4922
10-02-2016;08 - 09;3096;1981;5077
10-02-2016;09 - 10;3079;2016;5095
10-02-2016;10 - 11;3084;2020;5104
10-02-2016;11 - 12;3071;2002;5073
10-02-2016;12 - 13;2986;1976;4962
10-02-2016;13 - 14;2998;1966;4964
10-02-2016;14 - 15;2934;1923;4857
10-02-2016;15 - 16;2829;1886;4715
10-02-2016;16 - 17;2868;1964;4832
10-02-2016;17 - 18;3149;2100;5249
10-02-2016;18 - 19;3103;2130;5233
10-02-2016;19 - 20;2907;2025;4932
10-02-2016;20 - 21;2720;1890;4610
10-02-2016;21 - 22;2540;1763;4303
10-02-2016;22 - 23;2353;1594;3947
10-02-2016;23 - 00;2131;1437;3568
11-02-2016;00 - 01;1989;1328;3317
11-02-2016;01 - 02;1931;1262;3193
11-02-2016;02 - 03;1913;1243;3156
11-02-2016;03 - 04;1916;1249;3165
11-02-2016;04 - 05;1948;1266;3214
11-02-2016;05 - 06;2125;1394;3519
11-02-2016;06 - 07;2555;1651;4206
11-02-2016;07 - 08;3025;1917;4942
11-02-2016;08 - 09;3296;1937;5233
11-02-2016;09 - 10;3102;1940;5042
11-02-2016;10 - 11;3110;1959;5069
11-02-2016;11 - 12;3073;1946;5019
11-02-2016;12 - 13;2993;1924;4917
11-02-2016;13 - 14;2990;1917;4907
11-02-2016;14 - 15;2914;1879;4793
11-02-2016;15 - 16;2814;1838;4652
11-02-2016;16 - 17;2824;1860;4684
11-02-2016;17 - 18;3075;2068;5143
11-02-2016;18 - 19;3055;2105;5160
11-02-2016;19 - 20;2855;1964;4819
11-02-2016;20 - 21;2652;1867;4519
11-02-2016;21 - 22;2487;1743;4230
11-02-2016;22 - 23;2302;1583;3885
11-02-2016;23 - 00;2097;1430;3527
12-02-2016;00 - 01;1976;1321;3297
12-02-2016;01 - 02;1933;1260;3193
12-02-2016;02 - 03;1909;1241;3150
12-02-2016;03 - 04;1916;1238;3154
12-02-2016;04 - 05;1972;1267;3239
12-02-2016;05 - 06;2138;1364;3502
12-02-2016;06 - 07;2564;1632;4196
12-02-2016;07 - 08;3007;1867;4874
12-02-2016;08 - 09;3086;1894;4980
12-02-2016;09 - 10;3041;1912;4953
12-02-2016;10 - 11;3025;1948;4973
12-02-2016;11 - 12;2975;1930;4905
12-02-2016;12 - 13;2853;1880;4733
12-02-2016;13 - 14;2778;1870;4648
12-02-2016;14 - 15;2665;1812;4477
12-02-2016;15 - 16;2571;1780;4351
12-02-2016;16 - 17;2631;1807;4438
12-02-2016;17 - 18;2915;2015;4930
12-02-2016;18 - 19;2974;2080;5054
12-02-2016;19 - 20;2729;1925;4654
12-02-2016;20 - 21;2508;1825;4333
12-02-2016;21 - 22;2359;1712;4071
12-02-2016;22 - 23;2199;1575;3774
12-02-2016;23 - 00;2051;1461;3512
13-02-2016;00 - 01;1927;1370;3297
13-02-2016;01 - 02;1865;1307;3172
13-02-2016;02 - 03;1856;1278;3134
13-02-2016;03 - 04;1840;1274;3114
13-02-2016;04 - 05;1855;1282;3137
13-02-2016;05 - 06;1919;1302;3221
13-02-2016;06 - 07;2051;1371;3422
13-02-2016;07 - 08;2242;1478;3720
13-02-2016;08 - 09;2391;1619;4010
13-02-2016;09 - 10;2459;1733;4192
13-02-2016;10 - 11;2478;1785;4263
13-02-2016;11 - 12;2425;1782;4207
13-02-2016;12 - 13;2352;1763;4115
13-02-2016;13 - 14;2309;1725;4034
13-02-2016;14 - 15;2251;1688;3939
13-02-2016;15 - 16;2244;1663;3907
13-02-2016;16 - 17;2323;1715;4038
13-02-2016;17 - 18;2632;1931;4563
13-02-2016;18 - 19;2717;1992;4709
13-02-2016;19 - 20;2503;1844;4347
13-02-2016;20 - 21;2317;1716;4033
13-02-2016;21 - 22;2162;1616;3778
13-02-2016;22 - 23;2030;1525;3555
13-02-2016;23 - 00;1922;1442;3364
14-02-2016;00 - 01;1820;1358;3178
14-02-2016;01 - 02;1757;1285;3042
14-02-2016;02 - 03;1723;1250;2973
14-02-2016;03 - 04;1720;1243;2963
14-02-2016;04 - 05;1740;1239;2979
14-02-2016;05 - 06;1773;1269;3042
14-02-2016;06 - 07;1871;1332;3203
14-02-2016;07 - 08;2048;1426;3474
14-02-2016;08 - 09;2227;1526;3753
14-02-2016;09 - 10;2320;1644;3964
14-02-2016;10 - 11;2318;1712;4030
14-02-2016;11 - 12;2339;1746;4085
14-02-2016;12 - 13;2221;1729;3950
14-02-2016;13 - 14;2195;1707;3902
14-02-2016;14 - 15;2204;1687;3891
14-02-2016;15 - 16;2164;1667;3831
14-02-2016;16 - 17;2311;1752;4063
14-02-2016;17 - 18;2664;1944;4608
14-02-2016;18 - 19;2729;2008;4737
14-02-2016;19 - 20;2552;1877;4429
14-02-2016;20 - 21;2413;1743;4156
14-02-2016;21 - 22;2277;1634;3911
14-02-2016;22 - 23;2158;1517;3675
14-02-2016;23 - 00;2040;1400;3440
15-02-2016;00 - 01;1861;1297;3158
15-02-2016;01 - 02;1825;1255;3080
15-02-2016;02 - 03;1850;1236;3086
15-02-2016;03 - 04;1876;1252;3128
15-02-2016;04 - 05;1918;1283;3201
15-02-2016;05 - 06;2059;1383;3442
15-02-2016;06 - 07;2518;1608;4126
15-02-2016;07 - 08;2932;1846;4778
15-02-2016;08 - 09;3069;1928;4997
15-02-2016;09 - 10;3067;1955;5022
15-02-2016;10 - 11;3053;1972;5025
15-02-2016;11 - 12;3002;1941;4943
15-02-2016;12 - 13;2892;1906;4798
15-02-2016;13 - 14;2900;1882;4782
15-02-2016;14 - 15;2815;1870;4685
15-02-2016;15 - 16;2713;1842;4555
15-02-2016;16 - 17;2704;1881;4585
15-02-2016;17 - 18;3000;2070;5070
15-02-2016;18 - 19;3061;2127;5188
15-02-2016;19 - 20;2872;1991;4863
15-02-2016;20 - 21;2692;1816;4508
15-02-2016;21 - 22;2540;1711;4251
15-02-2016;22 - 23;2370;1625;3995
15-02-2016;23 - 00;2197;1499;3696
16-02-2016;00 - 01;2076;1400;3476
16-02-2016;01 - 02;2037;1349;3386
16-02-2016;02 - 03;2044;1317;3361
16-02-2016;03 - 04;2066;1338;3404
16-02-2016;04 - 05;2117;1366;3483
16-02-2016;05 - 06;2266;1461;3727
16-02-2016;06 - 07;2642;1692;4334
16-02-2016;07 - 08;3031;1890;4921
16-02-2016;08 - 09;2883;1790;4673
16-02-2016;09 - 10;3115;1984;5099
16-02-2016;10 - 11;3115;1992;5107
16-02-2016;11 - 12;3058;1945;5003
16-02-2016;12 - 13;2938;1905;4843
16-02-2016;13 - 14;2924;1878;4802
16-02-2016;14 - 15;2841;1835;4676
16-02-2016;15 - 16;2722;1763;4485
16-02-2016;16 - 17;2709;1791;4500
16-02-2016;17 - 18;2960;1992;4952
16-02-2016;18 - 19;2976;2093;5069
16-02-2016;19 - 20;2792;1957;4749
16-02-2016;20 - 21;2617;1821;4438
16-02-2016;21 - 22;2450;1700;4150
16-02-2016;22 - 23;2255;1622;3877
16-02-2016;23 - 00;2081;1478;3559
17-02-2016;00 - 01;1951;1388;3339
17-02-2016;01 - 02;1891;1329;3220
17-02-2016;02 - 03;1900;1311;3211
17-02-2016;03 - 04;1885;1316;3201
17-02-2016;04 - 05;1954;1360;3314
17-02-2016;05 - 06;2132;1458;3590
17-02-2016;06 - 07;2516;1682;4198
17-02-2016;07 - 08;2881;1845;4726
17-02-2016;08 - 09;3009;1932;4941
17-02-2016;09 - 10;2995;1971;4966
17-02-2016;10 - 11;2968;1978;4946
17-02-2016;11 - 12;2925;2013;4938
17-02-2016;12 - 13;2839;1989;4828
17-02-2016;13 - 14;2863;1956;4819
17-02-2016;14 - 15;2813;1909;4722
17-02-2016;15 - 16;2711;1849;4560
17-02-2016;16 - 17;2698;1886;4584
17-02-2016;17 - 18;2968;2090;5058
17-02-2016;18 - 19;3011;2152;5163
17-02-2016;19 - 20;2781;2004;4785
17-02-2016;20 - 21;2611;1877;4488
17-02-2016;21 - 22;2455;1754;4209
17-02-2016;22 - 23;2313;1607;3920
17-02-2016;23 - 00;2144;1460;3604
18-02-2016;00 - 01;2023;1374;3397
18-02-2016;01 - 02;1974;1321;3295
18-02-2016;02 - 03;1963;1295;3258
18-02-2016;03 - 04;1973;1299;3272
18-02-2016;04 - 05;2023;1326;3349
18-02-2016;05 - 06;2168;1418;3586
18-02-2016;06 - 07;2537;1632;4169
18-02-2016;07 - 08;2948;1859;4807
18-02-2016;08 - 09;3090;1968;5058
18-02-2016;09 - 10;3127;2008;5135
18-02-2016;10 - 11;3163;2044;5207
18-02-2016;11 - 12;3119;2042;5161
18-02-2016;12 - 13;3015;2016;5031
18-02-2016;13 - 14;3010;1991;5001
18-02-2016;14 - 15;2954;1959;4913
18-02-2016;15 - 16;2869;1896;4765
18-02-2016;16 - 17;2839;1920;4759
18-02-2016;17 - 18;3043;2085;5128
18-02-2016;18 - 19;3046;2117;5163
18-02-2016;19 - 20;2854;1993;4847
18-02-2016;20 - 21;2675;1862;4537
18-02-2016;21 - 22;2492;1744;4236
18-02-2016;22 - 23;2313;1606;3919
18-02-2016;23 - 00;2131;1472;3603
19-02-2016;00 - 01;1998;1375;3373
19-02-2016;01 - 02;1937;1319;3256
19-02-2016;02 - 03;1897;1294;3191
19-02-2016;03 - 04;1909;1305;3214
19-02-2016;04 - 05;1961;1338;3299
19-02-2016;05 - 06;2117;1431;3548
19-02-2016;06 - 07;2478;1641;4119
19-02-2016;07 - 08;2890;1828;4718
19-02-2016;08 - 09;3045;1944;4989
19-02-2016;09 - 10;3089;1999;5088
19-02-2016;10 - 11;3146;2034;5180
19-02-2016;11 - 12;3100;2003;5103
19-02-2016;12 - 13;2953;1955;4908
19-02-2016;13 - 14;2800;1925;4725
19-02-2016;14 - 15;2622;1882;4504
19-02-2016;15 - 16;2513;1861;4374
19-02-2016;16 - 17;2516;1897;4413
19-02-2016;17 - 18;2673;2057;4730
19-02-2016;18 - 19;2693;2089;4782
19-02-2016;19 - 20;2418;1944;4362
19-02-2016;20 - 21;2248;1778;4026
19-02-2016;21 - 22;2109;1667;3776
19-02-2016;22 - 23;1982;1554;3536
19-02-2016;23 - 00;1847;1444;3291
20-02-2016;00 - 01;1767;1363;3130
20-02-2016;01 - 02;1683;1283;2966
20-02-2016;02 - 03;1563;1233;2796
20-02-2016;03 - 04;1546;1243;2789
20-02-2016;04 - 05;1599;1245;2844
20-02-2016;05 - 06;1731;1279;3010
20-02-2016;06 - 07;1856;1359;3215
20-02-2016;07 - 08;2024;1462;3486
20-02-2016;08 - 09;2153;1607;3760
20-02-2016;09 - 10;2295;1749;4044
20-02-2016;10 - 11;2349;1853;4202
20-02-2016;11 - 12;2373;1860;4233
20-02-2016;12 - 13;2215;1848;4063
20-02-2016;13 - 14;2117;1825;3942
20-02-2016;14 - 15;2116;1745;3861
20-02-2016;15 - 16;2131;1755;3886
20-02-2016;16 - 17;2189;1744;3933
20-02-2016;17 - 18;2445;1907;4352
20-02-2016;18 - 19;2486;1940;4426
20-02-2016;19 - 20;2178;1677;3855
20-02-2016;20 - 21;2026;1460;3486
20-02-2016;21 - 22;1997;1381;3378
20-02-2016;22 - 23;1882;1282;3164
20-02-2016;23 - 00;1762;1225;2987
21-02-2016;00 - 01;1628;1191;2819
21-02-2016;01 - 02;1586;1146;2732
21-02-2016;02 - 03;1511;1108;2619
21-02-2016;03 - 04;1518;1094;2612
21-02-2016;04 - 05;1595;1099;2694
21-02-2016;05 - 06;1566;1138;2704
21-02-2016;06 - 07;1658;1182;2840
21-02-2016;07 - 08;1773;1267;3040
21-02-2016;08 - 09;1944;1381;3325
21-02-2016;09 - 10;2065;1481;3546
21-02-2016;10 - 11;2092;1465;3557
21-02-2016;11 - 12;2066;1468;3534
21-02-2016;12 - 13;2037;1536;3573
21-02-2016;13 - 14;2049;1634;3683
21-02-2016;14 - 15;2123;1605;3728
21-02-2016;15 - 16;2157;1599;3756
21-02-2016;16 - 17;2312;1665;3977
21-02-2016;17 - 18;2573;1894;4467
21-02-2016;18 - 19;2607;1961;4568
21-02-2016;19 - 20;2451;1839;4290
21-02-2016;20 - 21;2273;1688;3961
21-02-2016;21 - 22;2194;1598;3792
21-02-2016;22 - 23;2066;1462;3528
21-02-2016;23 - 00;1902;1339;3241
22-02-2016;00 - 01;1744;1258;3002
22-02-2016;01 - 02;1711;1208;2919
22-02-2016;02 - 03;1673;1185;2858
22-02-2016;03 - 04;1712;1196;2908
22-02-2016;04 - 05;1748;1239;2987
22-02-2016;05 - 06;1899;1348;3247
22-02-2016;06 - 07;2248;1570;3818
22-02-2016;07 - 08;2650;1800;4450
22-02-2016;08 - 09;2649;1900;4549
22-02-2016;09 - 10;2630;1945;4575
22-02-2016;10 - 11;2704;1936;4640
22-02-2016;11 - 12;2665;1926;4591
22-02-2016;12 - 13;2579;1866;4445
22-02-2016;13 - 14;2619;1841;4460
22-02-2016;14 - 15;2542;1818;4360
22-02-2016;15 - 16;2388;1797;4185
22-02-2016;16 - 17;2682;1833;4515
22-02-2016;17 - 18;2630;2020;4650
22-02-2016;18 - 19;2686;2092;4778
22-02-2016;19 - 20;2551;1964;4515
22-02-2016;20 - 21;2396;1825;4221
22-02-2016;21 - 22;2221;1682;3903
22-02-2016;22 - 23;2078;1525;3603
22-02-2016;23 - 00;1909;1372;3281
23-02-2016;00 - 01;1777;1294;3071
23-02-2016;01 - 02;1689;1247;2936
23-02-2016;02 - 03;1681;1216;2897
23-02-2016;03 - 04;1709;1261;2970
23-02-2016;04 - 05;1710;1257;2967
23-02-2016;05 - 06;1918;1350;3268
23-02-2016;06 - 07;2333;1596;3929
23-02-2016;07 - 08;2716;1814;4530
23-02-2016;08 - 09;2764;1891;4655
23-02-2016;09 - 10;2719;1891;4610
23-02-2016;10 - 11;2682;1929;4611
23-02-2016;11 - 12;2674;1921;4595
23-02-2016;12 - 13;2561;1919;4480
23-02-2016;13 - 14;2593;1881;4474
23-02-2016;14 - 15;2540;1844;4384
23-02-2016;15 - 16;2698;1807;4505
23-02-2016;16 - 17;2659;1843;4502
23-02-2016;17 - 18;2887;2026;4913
23-02-2016;18 - 19;2943;2113;5056
23-02-2016;19 - 20;2745;1977;4722
23-02-2016;20 - 21;2551;1858;4409
23-02-2016;21 - 22;2407;1739;4146
23-02-2016;22 - 23;2218;1565;3783
23-02-2016;23 - 00;2011;1415;3426
24-02-2016;00 - 01;1864;1331;3195
24-02-2016;01 - 02;1837;1269;3106
24-02-2016;02 - 03;1823;1247;3070
24-02-2016;03 - 04;1834;1259;3093
24-02-2016;04 - 05;1876;1293;3169
24-02-2016;05 - 06;2047;1390;3437
24-02-2016;06 - 07;2478;1631;4109
24-02-2016;07 - 08;2847;1859;4706
24-02-2016;08 - 09;2936;1926;4862
24-02-2016;09 - 10;2875;1948;4823
24-02-2016;10 - 11;2796;1950;4746
24-02-2016;11 - 12;2740;1963;4703
24-02-2016;12 - 13;2563;1930;4493
24-02-2016;13 - 14;2574;1899;4473
24-02-2016;14 - 15;2652;1870;4522
24-02-2016;15 - 16;2558;1833;4391
24-02-2016;16 - 17;2590;1837;4427
24-02-2016;17 - 18;2837;2005;4842
24-02-2016;18 - 19;2949;2108;5057
24-02-2016;19 - 20;2785;2001;4786
24-02-2016;20 - 21;2600;1886;4486
24-02-2016;21 - 22;2421;1749;4170
24-02-2016;22 - 23;2238;1600;3838
24-02-2016;23 - 00;2073;1452;3525
25-02-2016;00 - 01;1936;1355;3291
25-02-2016;01 - 02;1862;1300;3162
25-02-2016;02 - 03;1845;1267;3112
25-02-2016;03 - 04;1873;1272;3145
25-02-2016;04 - 05;1950;1293;3243
25-02-2016;05 - 06;2121;1403;3524
25-02-2016;06 - 07;2553;1648;4201
25-02-2016;07 - 08;2939;1862;4801
25-02-2016;08 - 09;3010;1920;4930
25-02-2016;09 - 10;2937;1942;4879
25-02-2016;10 - 11;2940;1972;4912
25-02-2016;11 - 12;2916;1940;4856
25-02-2016;12 - 13;2862;1894;4756
25-02-2016;13 - 14;2863;1860;4723
25-02-2016;14 - 15;2804;1841;4645
25-02-2016;15 - 16;2690;1820;4510
25-02-2016;16 - 17;2687;1862;4549
25-02-2016;17 - 18;2886;2026;4912
25-02-2016;18 - 19;2952;2109;5061
25-02-2016;19 - 20;2797;1976;4773
25-02-2016;20 - 21;2624;1854;4478
25-02-2016;21 - 22;2445;1728;4173
25-02-2016;22 - 23;2260;1585;3845
25-02-2016;23 - 00;2056;1435;3491
26-02-2016;00 - 01;1926;1346;3272
26-02-2016;01 - 02;1858;1289;3147
26-02-2016;02 - 03;1843;1264;3107
26-02-2016;03 - 04;1867;1276;3143
26-02-2016;04 - 05;1916;1287;3203
26-02-2016;05 - 06;2079;1393;3472
26-02-2016;06 - 07;2493;1633;4126
26-02-2016;07 - 08;2839;1842;4681
26-02-2016;08 - 09;2917;1931;4848
26-02-2016;09 - 10;2854;1939;4793
26-02-2016;10 - 11;2849;1947;4796
26-02-2016;11 - 12;2776;1911;4687
26-02-2016;12 - 13;2631;1879;4510
26-02-2016;13 - 14;2528;1819;4347
26-02-2016;14 - 15;2434;1756;4190
26-02-2016;15 - 16;2342;1720;4062
26-02-2016;16 - 17;2382;1753;4135
26-02-2016;17 - 18;2626;1903;4529
26-02-2016;18 - 19;2777;2045;4822
26-02-2016;19 - 20;2592;1927;4519
26-02-2016;20 - 21;2389;1776;4165
26-02-2016;21 - 22;2234;1666;3900
26-02-2016;22 - 23;2091;1542;3633
26-02-2016;23 - 00;1944;1434;3378
27-02-2016;00 - 01;1821;1346;3167
27-02-2016;01 - 02;1763;1288;3051
27-02-2016;02 - 03;1731;1257;2988
27-02-2016;03 - 04;1801;1257;3058
27-02-2016;04 - 05;1783;1263;3046
27-02-2016;05 - 06;1837;1304;3141
27-02-2016;06 - 07;1983;1387;3370
27-02-2016;07 - 08;2142;1470;3612
27-02-2016;08 - 09;2312;1615;3927
27-02-2016;09 - 10;2360;1718;4078
27-02-2016;10 - 11;2367;1771;4138
27-02-2016;11 - 12;2342;1776;4118
27-02-2016;12 - 13;2267;1759;4026
27-02-2016;13 - 14;2224;1739;3963
27-02-2016;14 - 15;2166;1695;3861
27-02-2016;15 - 16;2175;1691;3866
27-02-2016;16 - 17;2237;1723;3960
27-02-2016;17 - 18;2479;1882;4361
27-02-2016;18 - 19;2620;2007;4627
27-02-2016;19 - 20;2457;1887;4344
27-02-2016;20 - 21;2294;1759;4053
27-02-2016;21 - 22;2173;1660;3833
27-02-2016;22 - 23;2040;1555;3595
27-02-2016;23 - 00;1907;1453;3360
28-02-2016;00 - 01;1813;1368;3181
28-02-2016;01 - 02;1747;1293;3040
28-02-2016;02 - 03;1723;1281;3004
28-02-2016;03 - 04;1719;1261;2980
28-02-2016;04 - 05;1750;1263;3013
28-02-2016;05 - 06;1813;1287;3100
28-02-2016;06 - 07;1933;1355;3288
28-02-2016;07 - 08;2075;1447;3522
28-02-2016;08 - 09;2231;1588;3819
28-02-2016;09 - 10;2275;1707;3982
28-02-2016;10 - 11;2285;1741;4026
28-02-2016;11 - 12;2272;1769;4041
28-02-2016;12 - 13;2217;1751;3968
28-02-2016;13 - 14;2156;1728;3884
28-02-2016;14 - 15;2121;1718;3839
28-02-2016;15 - 16;2118;1724;3842
28-02-2016;16 - 17;2186;1772;3958
28-02-2016;17 - 18;2467;1937;4404
28-02-2016;18 - 19;2684;2064;4748
28-02-2016;19 - 20;2550;1943;4493
28-02-2016;20 - 21;2373;1793;4166
28-02-2016;21 - 22;2223;1681;3904
28-02-2016;22 - 23;2073;1538;3611
28-02-2016;23 - 00;1944;1417;3361
29-02-2016;00 - 01;1874;1312;3186
29-02-2016;01 - 02;1857;1278;3135
29-02-2016;02 - 03;1848;1247;3095
29-02-2016;03 - 04;1861;1259;3120
29-02-2016;04 - 05;1935;1300;3235
29-02-2016;05 - 06;2118;1393;3511
29-02-2016;06 - 07;2567;1660;4227
29-02-2016;07 - 08;2920;1864;4784
29-02-2016;08 - 09;3073;1957;5030
29-02-2016;09 - 10;3053;1998;5051
29-02-2016;10 - 11;3072;1999;5071
29-02-2016;11 - 12;3025;1988;5013
29-02-2016;12 - 13;2920;1955;4875
29-02-2016;13 - 14;2906;1914;4820
29-02-2016;14 - 15;2831;1882;4713
29-02-2016;15 - 16;2695;1822;4517
29-02-2016;16 - 17;2679;1846;4525
29-02-2016;17 - 18;2910;2018;4928
29-02-2016;18 - 19;2987;2132;5119
29-02-2016;19 - 20;2848;2020;4868
29-02-2016;20 - 21;2684;1887;4571
29-02-2016;21 - 22;2490;1746;4236
29-02-2016;22 - 23;2309;1591;3900
29-02-2016;23 - 00;2119;1450;3569
01-03-2016;00 - 01;1993;1358;3351
01-03-2016;01 - 02;1932;1296;3228
01-03-2016;02 - 03;1917;1275;3192
01-03-2016;03 - 04;1924;1284;3208
01-03-2016;04 - 05;1955;1323;3278
01-03-2016;05 - 06;2128;1426;3554
01-03-2016;06 - 07;2546;1686;4232
01-03-2016;07 - 08;2933;1900;4833
01-03-2016;08 - 09;3024;1987;5011
01-03-2016;09 - 10;2925;2021;4946
01-03-2016;10 - 11;2919;2033;4952
01-03-2016;11 - 12;2853;2021;4874
01-03-2016;12 - 13;2763;2011;4774
01-03-2016;13 - 14;2762;1996;4758
01-03-2016;14 - 15;2670;1977;4647
01-03-2016;15 - 16;2705;1927;4632
01-03-2016;16 - 17;2674;1956;4630
01-03-2016;17 - 18;2894;2120;5014
01-03-2016;18 - 19;2894;2180;5074
01-03-2016;19 - 20;2720;2034;4754
01-03-2016;20 - 21;2530;1892;4422
01-03-2016;21 - 22;2371;1758;4129
01-03-2016;22 - 23;2204;1590;3794
01-03-2016;23 - 00;1978;1449;3427
02-03-2016;00 - 01;1873;1360;3233
02-03-2016;01 - 02;1866;1302;3168
02-03-2016;02 - 03;1823;1265;3088
02-03-2016;03 - 04;1835;1264;3099
02-03-2016;04 - 05;1909;1281;3190
02-03-2016;05 - 06;2064;1377;3441
02-03-2016;06 - 07;2481;1625;4106
02-03-2016;07 - 08;2858;1871;4729
02-03-2016;08 - 09;2989;1969;4958
02-03-2016;09 - 10;3010;2003;5013
02-03-2016;10 - 11;3071;2037;5108
02-03-2016;11 - 12;3047;2039;5086
02-03-2016;12 - 13;2982;2031;5013
02-03-2016;13 - 14;2974;2017;4991
02-03-2016;14 - 15;2926;1973;4899
02-03-2016;15 - 16;2846;1917;4763
02-03-2016;16 - 17;2859;1930;4789
02-03-2016;17 - 18;3062;2080;5142
02-03-2016;18 - 19;3071;2126;5197
02-03-2016;19 - 20;2891;1988;4879
02-03-2016;20 - 21;2700;1874;4574
02-03-2016;21 - 22;2509;1715;4224
02-03-2016;22 - 23;2268;1555;3823
02-03-2016;23 - 00;2083;1424;3507
03-03-2016;00 - 01;1963;1330;3293
03-03-2016;01 - 02;1923;1275;3198
03-03-2016;02 - 03;1918;1248;3166
03-03-2016;03 - 04;1936;1273;3209
03-03-2016;04 - 05;2007;1302;3309
03-03-2016;05 - 06;2172;1400;3572
03-03-2016;06 - 07;2595;1656;4251
03-03-2016;07 - 08;2939;1863;4802
03-03-2016;08 - 09;3037;1956;4993
03-03-2016;09 - 10;3012;1995;5007
03-03-2016;10 - 11;3061;1987;5048
03-03-2016;11 - 12;3033;1958;4991
03-03-2016;12 - 13;2937;1944;4881
03-03-2016;13 - 14;2934;1922;4856
03-03-2016;14 - 15;2858;1892;4750
03-03-2016;15 - 16;2746;1871;4617
03-03-2016;16 - 17;2755;1874;4629
03-03-2016;17 - 18;2937;2011;4948
03-03-2016;18 - 19;2991;2096;5087
03-03-2016;19 - 20;2838;1989;4827
03-03-2016;20 - 21;2656;1847;4503
03-03-2016;21 - 22;2458;1718;4176
03-03-2016;22 - 23;2256;1551;3807
03-03-2016;23 - 00;2078;1404;3482
04-03-2016;00 - 01;1971;1308;3279
04-03-2016;01 - 02;1920;1249;3169
04-03-2016;02 - 03;1893;1224;3117
04-03-2016;03 - 04;1894;1225;3119
04-03-2016;04 - 05;1940;1269;3209
04-03-2016;05 - 06;2104;1356;3460
04-03-2016;06 - 07;2529;1615;4144
04-03-2016;07 - 08;2895;1818;4713
04-03-2016;08 - 09;3023;1918;4941
04-03-2016;09 - 10;3002;1914;4916
04-03-2016;10 - 11;3043;1973;5016
04-03-2016;11 - 12;3049;1951;5000
04-03-2016;12 - 13;3290;1920;5210
04-03-2016;13 - 14;2768;1889;4657
04-03-2016;14 - 15;2623;1846;4469
04-03-2016;15 - 16;2531;1820;4351
04-03-2016;16 - 17;2575;1865;4440
04-03-2016;17 - 18;2737;2008;4745
04-03-2016;18 - 19;2832;2071;4903
04-03-2016;19 - 20;2638;1933;4571
04-03-2016;20 - 21;2521;1769;4290
04-03-2016;21 - 22;2363;1648;4011
04-03-2016;22 - 23;2199;1540;3739
04-03-2016;23 - 00;2051;1433;3484
05-03-2016;00 - 01;1826;1331;3157
05-03-2016;01 - 02;1724;1279;3003
05-03-2016;02 - 03;1676;1233;2909
05-03-2016;03 - 04;1643;1223;2866
05-03-2016;04 - 05;1660;1215;2875
05-03-2016;05 - 06;1732;1225;2957
05-03-2016;06 - 07;1875;1285;3160
05-03-2016;07 - 08;2041;1389;3430
05-03-2016;08 - 09;2247;1559;3806
05-03-2016;09 - 10;2381;1663;4044
05-03-2016;10 - 11;2444;1715;4159
05-03-2016;11 - 12;2446;1722;4168
05-03-2016;12 - 13;2385;1717;4102
05-03-2016;13 - 14;2330;1690;4020
05-03-2016;14 - 15;2332;1679;4011
05-03-2016;15 - 16;2301;1659;3960
05-03-2016;16 - 17;2336;1693;4029
05-03-2016;17 - 18;2531;1853;4384
05-03-2016;18 - 19;2582;1928;4510
05-03-2016;19 - 20;2413;1824;4237
05-03-2016;20 - 21;2258;1706;3964
05-03-2016;21 - 22;2118;1607;3725
05-03-2016;22 - 23;1996;1509;3505
05-03-2016;23 - 00;1894;1407;3301
06-03-2016;00 - 01;1766;1315;3081
06-03-2016;01 - 02;;;
06-03-2016;02 - 03;;;
06-03-2016;03 - 04;;;
06-03-2016;04 - 05;;;
06-03-2016;05 - 06;;;
06-03-2016;06 - 07;;;
06-03-2016;07 - 08;;;
06-03-2016;08 - 09;;;
06-03-2016;09 - 10;;;
06-03-2016;10 - 11;;;
06-03-2016;11 - 12;;;
06-03-2016;12 - 13;;;
06-03-2016;13 - 14;;;
06-03-2016;14 - 15;;;
06-03-2016;15 - 16;;;
06-03-2016;16 - 17;;;
06-03-2016;17 - 18;;;
06-03-2016;18 - 19;;;
06-03-2016;19 - 20;;;
06-03-2016;20 - 21;;;
06-03-2016;21 - 22;;;
06-03-2016;22 - 23;;;
06-03-2016;23 - 00;;;
