Consumption DK areas in MWh,,,,
Data was last updated 22-04-2016,,,,
,Hours,DK1,DK2,DK
01-01-2016,00 - 01,1818,1341,3159
01-01-2016,01 - 02,1741,1288,3029
01-01-2016,02 - 03,1660,1232,2892
01-01-2016,03 - 04,1593,1169,2762
01-01-2016,04 - 05,1545,1141,2686
01-01-2016,05 - 06,1552,1144,2696
01-01-2016,06 - 07,1605,1175,2780
01-01-2016,07 - 08,1663,1202,2865
01-01-2016,08 - 09,1733,1239,2972
01-01-2016,09 - 10,1809,1310,3119
01-01-2016,10 - 11,1922,1411,3333
01-01-2016,11 - 12,2010,1479,3489
01-01-2016,12 - 13,2043,1518,3561
01-01-2016,13 - 14,2043,1530,3573
01-01-2016,14 - 15,2043,1544,3587
01-01-2016,15 - 16,2088,1589,3677
01-01-2016,16 - 17,2312,1709,4021
01-01-2016,17 - 18,2433,1800,4233
01-01-2016,18 - 19,2481,1788,4269
01-01-2016,19 - 20,2335,1703,4038
01-01-2016,20 - 21,2149,1593,3742
01-01-2016,21 - 22,2000,1501,3501
01-01-2016,22 - 23,1858,1411,3269
01-01-2016,23 - 00,1713,1314,3027
02-01-2016,00 - 01,1615,1215,2830
02-01-2016,01 - 02,1510,1155,2665
02-01-2016,02 - 03,1461,1120,2581
02-01-2016,03 - 04,1463,1113,2576
02-01-2016,04 - 05,1476,1124,2600
02-01-2016,05 - 06,1579,1160,2739
02-01-2016,06 - 07,1683,1239,2922
02-01-2016,07 - 08,1883,1350,3233
02-01-2016,08 - 09,2026,1459,3485
02-01-2016,09 - 10,2157,1589,3746
02-01-2016,10 - 11,2282,1706,3988
02-01-2016,11 - 12,2325,1750,4075
02-01-2016,12 - 13,2254,1757,4011
02-01-2016,13 - 14,2297,1765,4062
02-01-2016,14 - 15,2295,1778,4073
02-01-2016,15 - 16,2266,1806,4072
02-01-2016,16 - 17,2464,1945,4409
02-01-2016,17 - 18,2703,2070,4773
02-01-2016,18 - 19,2651,2052,4703
02-01-2016,19 - 20,2435,1910,4345
02-01-2016,20 - 21,2264,1777,4041
02-01-2016,21 - 22,2092,1668,3760
02-01-2016,22 - 23,2027,1591,3618
02-01-2016,23 - 00,1822,1462,3284
03-01-2016,00 - 01,1724,1388,3112
03-01-2016,01 - 02,1665,1315,2980
03-01-2016,02 - 03,1671,1259,2930
03-01-2016,03 - 04,1619,1210,2829
03-01-2016,04 - 05,1642,1249,2891
03-01-2016,05 - 06,1669,1270,2939
03-01-2016,06 - 07,1810,1329,3139
03-01-2016,07 - 08,1986,1400,3386
03-01-2016,08 - 09,2177,1506,3683
03-01-2016,09 - 10,2195,1629,3824
03-01-2016,10 - 11,2342,1734,4076
03-01-2016,11 - 12,2379,1777,4156
03-01-2016,12 - 13,2297,1774,4071
03-01-2016,13 - 14,2303,1753,4056
03-01-2016,14 - 15,2323,1750,4073
03-01-2016,15 - 16,2373,1743,4116
03-01-2016,16 - 17,2603,1820,4423
03-01-2016,17 - 18,2896,1923,4819
03-01-2016,18 - 19,2803,1937,4740
03-01-2016,19 - 20,2621,1867,4488
03-01-2016,20 - 21,2450,1753,4203
03-01-2016,21 - 22,2294,1706,4000
03-01-2016,22 - 23,2127,1557,3684
03-01-2016,23 - 00,1998,1431,3429
04-01-2016,00 - 01,1844,1347,3191
04-01-2016,01 - 02,1803,1294,3097
04-01-2016,02 - 03,1789,1255,3044
04-01-2016,03 - 04,1819,1251,3070
04-01-2016,04 - 05,1903,1282,3185
04-01-2016,05 - 06,2056,1399,3455
04-01-2016,06 - 07,2434,1636,4070
04-01-2016,07 - 08,2966,1944,4910
04-01-2016,08 - 09,3100,2048,5148
04-01-2016,09 - 10,3059,2067,5126
04-01-2016,10 - 11,3116,2072,5188
04-01-2016,11 - 12,3067,2060,5127
04-01-2016,12 - 13,2991,2026,5017
04-01-2016,13 - 14,3013,2019,5032
04-01-2016,14 - 15,2876,1997,4873
04-01-2016,15 - 16,2864,2005,4869
04-01-2016,16 - 17,2977,2151,5128
04-01-2016,17 - 18,3198,2338,5536
04-01-2016,18 - 19,3047,2274,5321
04-01-2016,19 - 20,2919,2102,5021
04-01-2016,20 - 21,2698,1949,4647
04-01-2016,21 - 22,2463,1809,4272
04-01-2016,22 - 23,2293,1639,3932
04-01-2016,23 - 00,2079,1495,3574
05-01-2016,00 - 01,1940,1385,3325
05-01-2016,01 - 02,1891,1326,3217
05-01-2016,02 - 03,1952,1292,3244
05-01-2016,03 - 04,1957,1298,3255
05-01-2016,04 - 05,2031,1340,3371
05-01-2016,05 - 06,2162,1435,3597
05-01-2016,06 - 07,2559,1708,4267
05-01-2016,07 - 08,3020,2005,5025
05-01-2016,08 - 09,3143,2109,5252
05-01-2016,09 - 10,3052,2136,5188
05-01-2016,10 - 11,3091,2138,5229
05-01-2016,11 - 12,3098,2112,5210
05-01-2016,12 - 13,3051,2064,5115
05-01-2016,13 - 14,2982,1985,4967
05-01-2016,14 - 15,2939,2039,4978
05-01-2016,15 - 16,2864,2043,4907
05-01-2016,16 - 17,3036,2096,5132
05-01-2016,17 - 18,3300,2233,5533
05-01-2016,18 - 19,3145,2219,5364
05-01-2016,19 - 20,2928,2130,5058
05-01-2016,20 - 21,2729,2010,4739
05-01-2016,21 - 22,2562,1876,4438
05-01-2016,22 - 23,2372,1706,4078
05-01-2016,23 - 00,2193,1539,3732
06-01-2016,00 - 01,2060,1442,3502
06-01-2016,01 - 02,1989,1381,3370
06-01-2016,02 - 03,1956,1359,3315
06-01-2016,03 - 04,1976,1382,3358
06-01-2016,04 - 05,2004,1405,3409
06-01-2016,05 - 06,2170,1499,3669
06-01-2016,06 - 07,2605,1754,4359
06-01-2016,07 - 08,3074,2033,5107
06-01-2016,08 - 09,3158,2104,5262
06-01-2016,09 - 10,3031,2062,5093
06-01-2016,10 - 11,3062,2060,5122
06-01-2016,11 - 12,3704,2040,5744
06-01-2016,12 - 13,2908,2040,4948
06-01-2016,13 - 14,2980,2026,5006
06-01-2016,14 - 15,2916,2014,4930
06-01-2016,15 - 16,2927,2016,4943
06-01-2016,16 - 17,3096,2078,5174
06-01-2016,17 - 18,3294,2250,5544
06-01-2016,18 - 19,3134,2196,5330
06-01-2016,19 - 20,2952,2100,5052
06-01-2016,20 - 21,2770,1984,4754
06-01-2016,21 - 22,2594,1812,4406
06-01-2016,22 - 23,2418,1718,4136
06-01-2016,23 - 00,2187,1560,3747
07-01-2016,00 - 01,2079,1456,3535
07-01-2016,01 - 02,2116,1410,3526
07-01-2016,02 - 03,2068,1396,3464
07-01-2016,03 - 04,2068,1392,3460
07-01-2016,04 - 05,2125,1409,3534
07-01-2016,05 - 06,2263,1475,3738
07-01-2016,06 - 07,2640,1703,4343
07-01-2016,07 - 08,3054,1920,4974
07-01-2016,08 - 09,3191,1942,5133
07-01-2016,09 - 10,3139,1948,5087
07-01-2016,10 - 11,3144,1953,5097
07-01-2016,11 - 12,3136,1928,5064
07-01-2016,12 - 13,3031,1922,4953
07-01-2016,13 - 14,3029,1897,4926
07-01-2016,14 - 15,3007,1908,4915
07-01-2016,15 - 16,2960,1915,4875
07-01-2016,16 - 17,3048,2036,5084
07-01-2016,17 - 18,3263,2161,5424
07-01-2016,18 - 19,3096,2116,5212
07-01-2016,19 - 20,2931,2049,4980
07-01-2016,20 - 21,2752,1954,4706
07-01-2016,21 - 22,2629,1820,4449
07-01-2016,22 - 23,2398,1661,4059
07-01-2016,23 - 00,2221,1489,3710
08-01-2016,00 - 01,2017,1380,3397
08-01-2016,01 - 02,1957,1325,3282
08-01-2016,02 - 03,2005,1302,3307
08-01-2016,03 - 04,2007,1293,3300
08-01-2016,04 - 05,2075,1338,3413
08-01-2016,05 - 06,2209,1430,3639
08-01-2016,06 - 07,2553,1665,4218
08-01-2016,07 - 08,2989,1940,4929
08-01-2016,08 - 09,3128,2042,5170
08-01-2016,09 - 10,3089,2087,5176
08-01-2016,10 - 11,3147,2057,5204
08-01-2016,11 - 12,3124,2029,5153
08-01-2016,12 - 13,3004,2018,5022
08-01-2016,13 - 14,2893,2051,4944
08-01-2016,14 - 15,2811,1996,4807
08-01-2016,15 - 16,2705,1971,4676
08-01-2016,16 - 17,2757,2081,4838
08-01-2016,17 - 18,3017,2205,5222
08-01-2016,18 - 19,2927,2144,5071
08-01-2016,19 - 20,2690,2019,4709
08-01-2016,20 - 21,2507,1866,4373
08-01-2016,21 - 22,2371,1744,4115
08-01-2016,22 - 23,2244,1610,3854
08-01-2016,23 - 00,2087,1496,3583
09-01-2016,00 - 01,1937,1400,3337
09-01-2016,01 - 02,1851,1329,3180
09-01-2016,02 - 03,1805,1279,3084
09-01-2016,03 - 04,1790,1264,3054
09-01-2016,04 - 05,1801,1252,3053
09-01-2016,05 - 06,1845,1285,3130
09-01-2016,06 - 07,1963,1348,3311
09-01-2016,07 - 08,2170,1467,3637
09-01-2016,08 - 09,2365,1605,3970
09-01-2016,09 - 10,2440,1724,4164
09-01-2016,10 - 11,2497,1795,4292
09-01-2016,11 - 12,2486,1813,4299
09-01-2016,12 - 13,2449,1779,4228
09-01-2016,13 - 14,2413,1756,4169
09-01-2016,14 - 15,2392,1754,4146
09-01-2016,15 - 16,2387,1762,4149
09-01-2016,16 - 17,2552,1906,4458
09-01-2016,17 - 18,2791,2051,4842
09-01-2016,18 - 19,2704,2017,4721
09-01-2016,19 - 20,2478,1871,4349
09-01-2016,20 - 21,2298,1746,4044
09-01-2016,21 - 22,2185,1632,3817
09-01-2016,22 - 23,2046,1530,3576
09-01-2016,23 - 00,1906,1438,3344
10-01-2016,00 - 01,1811,1356,3167
10-01-2016,01 - 02,1752,1286,3038
10-01-2016,02 - 03,1698,1239,2937
10-01-2016,03 - 04,1672,1221,2893
10-01-2016,04 - 05,1653,1214,2867
10-01-2016,05 - 06,1704,1233,2937
10-01-2016,06 - 07,1815,1287,3102
10-01-2016,07 - 08,1945,1386,3331
10-01-2016,08 - 09,2115,1519,3634
10-01-2016,09 - 10,2239,1639,3878
10-01-2016,10 - 11,2359,1733,4092
10-01-2016,11 - 12,2390,1775,4165
10-01-2016,12 - 13,2386,1784,4170
10-01-2016,13 - 14,2415,1781,4196
10-01-2016,14 - 15,2398,1802,4200
10-01-2016,15 - 16,2406,1847,4253
10-01-2016,16 - 17,2554,1972,4526
10-01-2016,17 - 18,2820,2124,4944
10-01-2016,18 - 19,2760,2080,4840
10-01-2016,19 - 20,2582,1942,4524
10-01-2016,20 - 21,2399,1793,4192
10-01-2016,21 - 22,2255,1656,3911
10-01-2016,22 - 23,2089,1516,3605
10-01-2016,23 - 00,1967,1390,3357
11-01-2016,00 - 01,1859,1282,3141
11-01-2016,01 - 02,1776,1198,2974
11-01-2016,02 - 03,1766,1176,2942
11-01-2016,03 - 04,1778,1192,2970
11-01-2016,04 - 05,1846,1225,3071
11-01-2016,05 - 06,1991,1311,3302
11-01-2016,06 - 07,2395,1578,3973
11-01-2016,07 - 08,2833,1818,4651
11-01-2016,08 - 09,3015,1888,4903
11-01-2016,09 - 10,2984,1882,4866
11-01-2016,10 - 11,3013,1907,4920
11-01-2016,11 - 12,3031,1881,4912
11-01-2016,12 - 13,2953,1859,4812
11-01-2016,13 - 14,2970,1874,4844
11-01-2016,14 - 15,2952,1896,4848
11-01-2016,15 - 16,2852,1868,4720
11-01-2016,16 - 17,2935,1955,4890
11-01-2016,17 - 18,3147,2116,5263
11-01-2016,18 - 19,2979,2057,5036
11-01-2016,19 - 20,2815,1978,4793
11-01-2016,20 - 21,2617,1820,4437
11-01-2016,21 - 22,2452,1702,4154
11-01-2016,22 - 23,2262,1523,3785
11-01-2016,23 - 00,2078,1369,3447
12-01-2016,00 - 01,1959,1256,3215
12-01-2016,01 - 02,1894,1204,3098
12-01-2016,02 - 03,1862,1177,3039
12-01-2016,03 - 04,1876,1185,3061
12-01-2016,04 - 05,1945,1217,3162
12-01-2016,05 - 06,2117,1311,3428
12-01-2016,06 - 07,2496,1559,4055
12-01-2016,07 - 08,2922,1790,4712
12-01-2016,08 - 09,3030,1905,4935
12-01-2016,09 - 10,3022,1912,4934
12-01-2016,10 - 11,3055,1935,4990
12-01-2016,11 - 12,3042,1936,4978
12-01-2016,12 - 13,2971,1918,4889
12-01-2016,13 - 14,3009,1899,4908
12-01-2016,14 - 15,2965,1873,4838
12-01-2016,15 - 16,2876,1877,4753
12-01-2016,16 - 17,2957,1993,4950
12-01-2016,17 - 18,3176,2137,5313
12-01-2016,18 - 19,3027,2050,5077
12-01-2016,19 - 20,2841,1909,4750
12-01-2016,20 - 21,2661,1775,4436
12-01-2016,21 - 22,2504,1658,4162
12-01-2016,22 - 23,2296,1502,3798
12-01-2016,23 - 00,2082,1348,3430
13-01-2016,00 - 01,1924,1250,3174
13-01-2016,01 - 02,1879,1199,3078
13-01-2016,02 - 03,1883,1176,3059
13-01-2016,03 - 04,1899,1173,3072
13-01-2016,04 - 05,1930,1197,3127
13-01-2016,05 - 06,2064,1305,3369
13-01-2016,06 - 07,2480,1585,4065
13-01-2016,07 - 08,2941,1852,4793
13-01-2016,08 - 09,3125,1977,5102
13-01-2016,09 - 10,3085,2000,5085
13-01-2016,10 - 11,3104,1945,5049
13-01-2016,11 - 12,2859,1915,4774
13-01-2016,12 - 13,2645,1921,4566
13-01-2016,13 - 14,2662,1917,4579
13-01-2016,14 - 15,2729,1906,4635
13-01-2016,15 - 16,2734,1927,4661
13-01-2016,16 - 17,2897,2028,4925
13-01-2016,17 - 18,3307,2213,5520
13-01-2016,18 - 19,3231,2171,5402
13-01-2016,19 - 20,3015,2029,5044
13-01-2016,20 - 21,2813,1883,4696
13-01-2016,21 - 22,2628,1744,4372
13-01-2016,22 - 23,2429,1596,4025
13-01-2016,23 - 00,2212,1437,3649
14-01-2016,00 - 01,2079,1327,3406
14-01-2016,01 - 02,2005,1269,3274
14-01-2016,02 - 03,1984,1241,3225
14-01-2016,03 - 04,1996,1251,3247
14-01-2016,04 - 05,2039,1284,3323
14-01-2016,05 - 06,2195,1384,3579
14-01-2016,06 - 07,2587,1634,4221
14-01-2016,07 - 08,3062,1878,4940
14-01-2016,08 - 09,3164,1955,5119
14-01-2016,09 - 10,3139,2001,5140
14-01-2016,10 - 11,3205,2004,5209
14-01-2016,11 - 12,3200,1998,5198
14-01-2016,12 - 13,3105,1990,5095
14-01-2016,13 - 14,3126,1967,5093
14-01-2016,14 - 15,3093,1955,5048
14-01-2016,15 - 16,3004,1924,4928
14-01-2016,16 - 17,3116,2037,5153
14-01-2016,17 - 18,3315,2198,5513
14-01-2016,18 - 19,3157,2144,5301
14-01-2016,19 - 20,2958,2013,4971
14-01-2016,20 - 21,2771,1865,4636
14-01-2016,21 - 22,2581,1763,4344
14-01-2016,22 - 23,2384,1608,3992
14-01-2016,23 - 00,2206,1457,3663
15-01-2016,00 - 01,2069,1360,3429
15-01-2016,01 - 02,1996,1287,3283
15-01-2016,02 - 03,1970,1267,3237
15-01-2016,03 - 04,1994,1277,3271
15-01-2016,04 - 05,2051,1307,3358
15-01-2016,05 - 06,2208,1398,3606
15-01-2016,06 - 07,2621,1599,4220
15-01-2016,07 - 08,3080,1823,4903
15-01-2016,08 - 09,3264,1953,5217
15-01-2016,09 - 10,3199,2016,5215
15-01-2016,10 - 11,3265,2054,5319
15-01-2016,11 - 12,3212,2028,5240
15-01-2016,12 - 13,3068,1991,5059
15-01-2016,13 - 14,2960,1999,4959
15-01-2016,14 - 15,2841,1988,4829
15-01-2016,15 - 16,2788,1966,4754
15-01-2016,16 - 17,2941,2103,5044
15-01-2016,17 - 18,3207,2290,5497
15-01-2016,18 - 19,3101,2251,5352
15-01-2016,19 - 20,2848,2080,4928
15-01-2016,20 - 21,2623,1934,4557
15-01-2016,21 - 22,2479,1819,4298
15-01-2016,22 - 23,2334,1705,4039
15-01-2016,23 - 00,2174,1593,3767
16-01-2016,00 - 01,2044,1493,3537
16-01-2016,01 - 02,1958,1425,3383
16-01-2016,02 - 03,1921,1390,3311
16-01-2016,03 - 04,1904,1378,3282
16-01-2016,04 - 05,1904,1379,3283
16-01-2016,05 - 06,1964,1407,3371
16-01-2016,06 - 07,2089,1466,3555
16-01-2016,07 - 08,2295,1595,3890
16-01-2016,08 - 09,2490,1739,4229
16-01-2016,09 - 10,2581,1838,4419
16-01-2016,10 - 11,2647,1921,4568
16-01-2016,11 - 12,2626,1933,4559
16-01-2016,12 - 13,2568,1922,4490
16-01-2016,13 - 14,2495,1903,4398
16-01-2016,14 - 15,2447,1879,4326
16-01-2016,15 - 16,2448,1885,4333
16-01-2016,16 - 17,2607,2000,4607
16-01-2016,17 - 18,2902,2180,5082
16-01-2016,18 - 19,2807,2136,4943
16-01-2016,19 - 20,2605,1991,4596
16-01-2016,20 - 21,2458,1875,4333
16-01-2016,21 - 22,2327,1773,4100
16-01-2016,22 - 23,2195,1658,3853
16-01-2016,23 - 00,2043,1543,3586
17-01-2016,00 - 01,1952,1442,3394
17-01-2016,01 - 02,1887,1386,3273
17-01-2016,02 - 03,1847,1359,3206
17-01-2016,03 - 04,1834,1349,3183
17-01-2016,04 - 05,1863,1352,3215
17-01-2016,05 - 06,1925,1392,3317
17-01-2016,06 - 07,2052,1463,3515
17-01-2016,07 - 08,2228,1565,3793
17-01-2016,08 - 09,2416,1679,4095
17-01-2016,09 - 10,2509,1800,4309
17-01-2016,10 - 11,2528,1849,4377
17-01-2016,11 - 12,2498,1843,4341
17-01-2016,12 - 13,2434,1804,4238
17-01-2016,13 - 14,2403,1771,4174
17-01-2016,14 - 15,2389,1778,4167
17-01-2016,15 - 16,2392,1812,4204
17-01-2016,16 - 17,2590,1948,4538
17-01-2016,17 - 18,2992,2167,5159
17-01-2016,18 - 19,2931,2148,5079
17-01-2016,19 - 20,2743,2007,4750
17-01-2016,20 - 21,2557,1878,4435
17-01-2016,21 - 22,2434,1767,4201
17-01-2016,22 - 23,2281,1626,3907
17-01-2016,23 - 00,2153,1518,3671
18-01-2016,00 - 01,2061,1438,3499
18-01-2016,01 - 02,2015,1374,3389
18-01-2016,02 - 03,1988,1357,3345
18-01-2016,03 - 04,1981,1375,3356
18-01-2016,04 - 05,2066,1407,3473
18-01-2016,05 - 06,2235,1526,3761
18-01-2016,06 - 07,2669,1779,4448
18-01-2016,07 - 08,3144,2068,5212
18-01-2016,08 - 09,3301,2156,5457
18-01-2016,09 - 10,3238,2162,5400
18-01-2016,10 - 11,3264,2125,5389
18-01-2016,11 - 12,3242,2100,5342
18-01-2016,12 - 13,3151,2121,5272
18-01-2016,13 - 14,3140,2114,5254
18-01-2016,14 - 15,3049,2094,5143
18-01-2016,15 - 16,2984,2067,5051
18-01-2016,16 - 17,3067,2136,5203
18-01-2016,17 - 18,3363,2338,5701
18-01-2016,18 - 19,3185,2301,5486
18-01-2016,19 - 20,2978,2111,5089
18-01-2016,20 - 21,2774,1979,4753
18-01-2016,21 - 22,2596,1845,4441
18-01-2016,22 - 23,2407,1693,4100
18-01-2016,23 - 00,2154,1528,3682
19-01-2016,00 - 01,2072,1435,3507
19-01-2016,01 - 02,2031,1364,3395
19-01-2016,02 - 03,2078,1343,3421
19-01-2016,03 - 04,2063,1356,3419
19-01-2016,04 - 05,2084,1389,3473
19-01-2016,05 - 06,2220,1497,3717
19-01-2016,06 - 07,2635,1760,4395
19-01-2016,07 - 08,3095,2046,5141
19-01-2016,08 - 09,3264,2146,5410
19-01-2016,09 - 10,3170,2126,5296
19-01-2016,10 - 11,3258,2166,5424
19-01-2016,11 - 12,3230,2103,5333
19-01-2016,12 - 13,3063,2099,5162
19-01-2016,13 - 14,3026,2084,5110
19-01-2016,14 - 15,2965,2006,4971
19-01-2016,15 - 16,2906,2003,4909
19-01-2016,16 - 17,3014,2106,5120
19-01-2016,17 - 18,3351,2302,5653
19-01-2016,18 - 19,3224,2237,5461
19-01-2016,19 - 20,3052,2075,5127
19-01-2016,20 - 21,2865,1929,4794
19-01-2016,21 - 22,2688,1778,4466
19-01-2016,22 - 23,2525,1618,4143
19-01-2016,23 - 00,2325,1465,3790
20-01-2016,00 - 01,2198,1382,3580
20-01-2016,01 - 02,2134,1329,3463
20-01-2016,02 - 03,2111,1297,3408
20-01-2016,03 - 04,2121,1324,3445
20-01-2016,04 - 05,2173,1366,3539
20-01-2016,05 - 06,2330,1480,3810
20-01-2016,06 - 07,2758,1708,4466
20-01-2016,07 - 08,3266,1949,5215
20-01-2016,08 - 09,3387,1920,5307
20-01-2016,09 - 10,3356,2040,5396
20-01-2016,10 - 11,3347,2099,5446
20-01-2016,11 - 12,3305,2042,5347
20-01-2016,12 - 13,3195,2045,5240
20-01-2016,13 - 14,3163,2020,5183
20-01-2016,14 - 15,3097,2022,5119
20-01-2016,15 - 16,3009,2020,5029
20-01-2016,16 - 17,3080,2088,5168
20-01-2016,17 - 18,3410,2295,5705
20-01-2016,18 - 19,3301,2240,5541
20-01-2016,19 - 20,3098,2103,5201
20-01-2016,20 - 21,2919,1983,4902
20-01-2016,21 - 22,2744,1837,4581
20-01-2016,22 - 23,2563,1665,4228
20-01-2016,23 - 00,2372,1526,3898
21-01-2016,00 - 01,2250,1462,3712
21-01-2016,01 - 02,2201,1390,3591
21-01-2016,02 - 03,2182,1371,3553
21-01-2016,03 - 04,2188,1374,3562
21-01-2016,04 - 05,2249,1398,3647
21-01-2016,05 - 06,2395,1523,3918
21-01-2016,06 - 07,2806,1756,4562
21-01-2016,07 - 08,3300,2028,5328
21-01-2016,08 - 09,3464,2086,5550
21-01-2016,09 - 10,3342,2096,5438
21-01-2016,10 - 11,3353,2080,5433
21-01-2016,11 - 12,3306,2075,5381
21-01-2016,12 - 13,3198,2055,5253
21-01-2016,13 - 14,3169,2083,5252
21-01-2016,14 - 15,3123,2059,5182
21-01-2016,15 - 16,3072,2041,5113
21-01-2016,16 - 17,3145,2134,5279
21-01-2016,17 - 18,3448,2368,5816
21-01-2016,18 - 19,3314,2318,5632
21-01-2016,19 - 20,3088,2170,5258
21-01-2016,20 - 21,2913,2031,4944
21-01-2016,21 - 22,2730,1904,4634
21-01-2016,22 - 23,2516,1746,4262
21-01-2016,23 - 00,2318,1604,3922
22-01-2016,00 - 01,2192,1509,3701
22-01-2016,01 - 02,2138,1448,3586
22-01-2016,02 - 03,2114,1423,3537
22-01-2016,03 - 04,2117,1423,3540
22-01-2016,04 - 05,2163,1449,3612
22-01-2016,05 - 06,2317,1562,3879
22-01-2016,06 - 07,2717,1812,4529
22-01-2016,07 - 08,3203,2054,5257
22-01-2016,08 - 09,3343,2121,5464
22-01-2016,09 - 10,3296,2180,5476
22-01-2016,10 - 11,3270,2173,5443
22-01-2016,11 - 12,3184,2142,5326
22-01-2016,12 - 13,3054,2061,5115
22-01-2016,13 - 14,2862,2023,4885
22-01-2016,14 - 15,2775,1980,4755
22-01-2016,15 - 16,2733,1959,4692
22-01-2016,16 - 17,2835,2064,4899
22-01-2016,17 - 18,3165,2298,5463
22-01-2016,18 - 19,3040,2274,5314
22-01-2016,19 - 20,2794,2118,4912
22-01-2016,20 - 21,2580,1962,4542
22-01-2016,21 - 22,2439,1848,4287
22-01-2016,22 - 23,2276,1720,3996
22-01-2016,23 - 00,2106,1604,3710
23-01-2016,00 - 01,1964,1496,3460
23-01-2016,01 - 02,1916,1411,3327
23-01-2016,02 - 03,1879,1368,3247
23-01-2016,03 - 04,1880,1358,3238
23-01-2016,04 - 05,1920,1356,3276
23-01-2016,05 - 06,1982,1386,3368
23-01-2016,06 - 07,2117,1451,3568
23-01-2016,07 - 08,2329,1590,3919
23-01-2016,08 - 09,2530,1724,4254
23-01-2016,09 - 10,2622,1840,4462
23-01-2016,10 - 11,2661,1913,4574
23-01-2016,11 - 12,2676,1935,4611
23-01-2016,12 - 13,2577,1908,4485
23-01-2016,13 - 14,2522,1867,4389
23-01-2016,14 - 15,2466,1836,4302
23-01-2016,15 - 16,2449,1832,4281
23-01-2016,16 - 17,2552,1938,4490
23-01-2016,17 - 18,2880,2133,5013
23-01-2016,18 - 19,2810,2106,4916
23-01-2016,19 - 20,2589,1941,4530
23-01-2016,20 - 21,2402,1802,4204
23-01-2016,21 - 22,2251,1708,3959
23-01-2016,22 - 23,2108,1600,3708
23-01-2016,23 - 00,1959,1475,3434
24-01-2016,00 - 01,1849,1380,3229
24-01-2016,01 - 02,1784,1313,3097
24-01-2016,02 - 03,1752,1270,3022
24-01-2016,03 - 04,1714,1257,2971
24-01-2016,04 - 05,1730,1245,2975
24-01-2016,05 - 06,1792,1268,3060
24-01-2016,06 - 07,1924,1320,3244
24-01-2016,07 - 08,2078,1437,3515
24-01-2016,08 - 09,2238,1551,3789
24-01-2016,09 - 10,2376,1691,4067
24-01-2016,10 - 11,2442,1772,4214
24-01-2016,11 - 12,2454,1796,4250
24-01-2016,12 - 13,2411,1793,4204
24-01-2016,13 - 14,2366,1790,4156
24-01-2016,14 - 15,2382,1752,4134
24-01-2016,15 - 16,2412,1772,4184
24-01-2016,16 - 17,2555,1892,4447
24-01-2016,17 - 18,2854,2096,4950
24-01-2016,18 - 19,2775,2071,4846
24-01-2016,19 - 20,2611,1922,4533
24-01-2016,20 - 21,2442,1789,4231
24-01-2016,21 - 22,2286,1673,3959
24-01-2016,22 - 23,2157,1518,3675
24-01-2016,23 - 00,2045,1379,3424
25-01-2016,00 - 01,1881,1280,3161
25-01-2016,01 - 02,1833,1233,3066
25-01-2016,02 - 03,1807,1218,3025
25-01-2016,03 - 04,1796,1213,3009
25-01-2016,04 - 05,1853,1262,3115
25-01-2016,05 - 06,2034,1354,3388
25-01-2016,06 - 07,2504,1581,4085
25-01-2016,07 - 08,2961,1898,4859
25-01-2016,08 - 09,3090,1978,5068
25-01-2016,09 - 10,3074,1994,5068
25-01-2016,10 - 11,3111,2008,5119
25-01-2016,11 - 12,3086,1999,5085
25-01-2016,12 - 13,2983,1975,4958
25-01-2016,13 - 14,3007,1949,4956
25-01-2016,14 - 15,2949,1927,4876
25-01-2016,15 - 16,2836,1903,4739
25-01-2016,16 - 17,2856,1986,4842
25-01-2016,17 - 18,3180,2195,5375
25-01-2016,18 - 19,3069,2106,5175
25-01-2016,19 - 20,2871,1972,4843
25-01-2016,20 - 21,2613,1820,4433
25-01-2016,21 - 22,2415,1670,4085
25-01-2016,22 - 23,2153,1487,3640
25-01-2016,23 - 00,1996,1357,3353
26-01-2016,00 - 01,1946,1258,3204
26-01-2016,01 - 02,1844,1211,3055
26-01-2016,02 - 03,1817,1171,2988
26-01-2016,03 - 04,1809,1162,2971
26-01-2016,04 - 05,1832,1190,3022
26-01-2016,05 - 06,1956,1289,3245
26-01-2016,06 - 07,2409,1574,3983
26-01-2016,07 - 08,2912,1893,4805
26-01-2016,08 - 09,3020,1937,4957
26-01-2016,09 - 10,3022,1976,4998
26-01-2016,10 - 11,3048,1990,5038
26-01-2016,11 - 12,3013,1921,4934
26-01-2016,12 - 13,2930,1898,4828
26-01-2016,13 - 14,2970,1894,4864
26-01-2016,14 - 15,2928,1872,4800
26-01-2016,15 - 16,2842,1859,4701
26-01-2016,16 - 17,2898,1959,4857
26-01-2016,17 - 18,3151,2148,5299
26-01-2016,18 - 19,3010,2087,5097
26-01-2016,19 - 20,2813,1993,4806
26-01-2016,20 - 21,2607,1844,4451
26-01-2016,21 - 22,2418,1699,4117
26-01-2016,22 - 23,2236,1549,3785
26-01-2016,23 - 00,2050,1414,3464
27-01-2016,00 - 01,1930,1326,3256
27-01-2016,01 - 02,1869,1304,3173
27-01-2016,02 - 03,1824,1259,3083
27-01-2016,03 - 04,1827,1220,3047
27-01-2016,04 - 05,1882,1218,3100
27-01-2016,05 - 06,1977,1320,3297
27-01-2016,06 - 07,2400,1605,4005
27-01-2016,07 - 08,2869,1894,4763
27-01-2016,08 - 09,3013,1979,4992
27-01-2016,09 - 10,2975,1989,4964
27-01-2016,10 - 11,3055,2004,5059
27-01-2016,11 - 12,3057,1982,5039
27-01-2016,12 - 13,2965,1977,4942
27-01-2016,13 - 14,2954,1972,4926
27-01-2016,14 - 15,2885,1949,4834
27-01-2016,15 - 16,2691,1924,4615
27-01-2016,16 - 17,2668,2003,4671
27-01-2016,17 - 18,2898,2200,5098
27-01-2016,18 - 19,2685,2107,4792
27-01-2016,19 - 20,2479,1958,4437
27-01-2016,20 - 21,2298,1833,4131
27-01-2016,21 - 22,2127,1694,3821
27-01-2016,22 - 23,1930,1529,3459
27-01-2016,23 - 00,1817,1370,3187
28-01-2016,00 - 01,1649,1280,2929
28-01-2016,01 - 02,1607,1231,2838
28-01-2016,02 - 03,1604,1210,2814
28-01-2016,03 - 04,1635,1211,2846
28-01-2016,04 - 05,1667,1230,2897
28-01-2016,05 - 06,1842,1340,3182
28-01-2016,06 - 07,2234,1609,3843
28-01-2016,07 - 08,2710,1888,4598
28-01-2016,08 - 09,2824,1944,4768
28-01-2016,09 - 10,2781,1955,4736
28-01-2016,10 - 11,2738,1970,4708
28-01-2016,11 - 12,2748,1946,4694
28-01-2016,12 - 13,2656,1925,4581
28-01-2016,13 - 14,2678,1919,4597
28-01-2016,14 - 15,2624,1890,4514
28-01-2016,15 - 16,2710,1857,4567
28-01-2016,16 - 17,2813,1911,4724
28-01-2016,17 - 18,3127,2159,5286
28-01-2016,18 - 19,3023,2101,5124
28-01-2016,19 - 20,2828,1960,4788
28-01-2016,20 - 21,2631,1829,4460
28-01-2016,21 - 22,2462,1695,4157
28-01-2016,22 - 23,2265,1527,3792
28-01-2016,23 - 00,2046,1387,3433
29-01-2016,00 - 01,1947,1295,3242
29-01-2016,01 - 02,1894,1231,3125
29-01-2016,02 - 03,1890,1218,3108
29-01-2016,03 - 04,1890,1220,3110
29-01-2016,04 - 05,1914,1231,3145
29-01-2016,05 - 06,2054,1338,3392
29-01-2016,06 - 07,2483,1606,4089
29-01-2016,07 - 08,2907,1897,4804
29-01-2016,08 - 09,2966,1958,4924
29-01-2016,09 - 10,2936,1987,4923
29-01-2016,10 - 11,3067,2019,5086
29-01-2016,11 - 12,3014,2000,5014
29-01-2016,12 - 13,2883,1992,4875
29-01-2016,13 - 14,2805,1972,4777
29-01-2016,14 - 15,2653,1956,4609
29-01-2016,15 - 16,2497,1903,4400
29-01-2016,16 - 17,2538,1974,4512
29-01-2016,17 - 18,2806,2108,4914
29-01-2016,18 - 19,2728,2063,4791
29-01-2016,19 - 20,2526,1911,4437
29-01-2016,20 - 21,2328,1745,4073
29-01-2016,21 - 22,2223,1634,3857
29-01-2016,22 - 23,2098,1521,3619
29-01-2016,23 - 00,1891,1423,3314
30-01-2016,00 - 01,1775,1313,3088
30-01-2016,01 - 02,1693,1256,2949
30-01-2016,02 - 03,1650,1205,2855
30-01-2016,03 - 04,1659,1199,2858
30-01-2016,04 - 05,1700,1208,2908
30-01-2016,05 - 06,1734,1246,2980
30-01-2016,06 - 07,1870,1317,3187
30-01-2016,07 - 08,2065,1423,3488
30-01-2016,08 - 09,2265,1512,3777
30-01-2016,09 - 10,2331,1307,3638
30-01-2016,10 - 11,2432,1416,3848
30-01-2016,11 - 12,2365,1445,3810
30-01-2016,12 - 13,2326,1629,3955
30-01-2016,13 - 14,2261,1685,3946
30-01-2016,14 - 15,2234,1644,3878
30-01-2016,15 - 16,2246,1655,3901
30-01-2016,16 - 17,2315,1715,4030
30-01-2016,17 - 18,2620,1941,4561
30-01-2016,18 - 19,2588,1924,4512
30-01-2016,19 - 20,2402,1806,4208
30-01-2016,20 - 21,2227,1688,3915
30-01-2016,21 - 22,2075,1573,3648
30-01-2016,22 - 23,1974,1518,3492
30-01-2016,23 - 00,1867,1444,3311
31-01-2016,00 - 01,1758,1365,3123
31-01-2016,01 - 02,1718,1313,3031
31-01-2016,02 - 03,1668,1278,2946
31-01-2016,03 - 04,1662,1300,2962
31-01-2016,04 - 05,1653,1308,2961
31-01-2016,05 - 06,1718,1319,3037
31-01-2016,06 - 07,1805,1323,3128
31-01-2016,07 - 08,1997,1431,3428
31-01-2016,08 - 09,2112,1527,3639
31-01-2016,09 - 10,2272,1643,3915
31-01-2016,10 - 11,2299,1690,3989
31-01-2016,11 - 12,2308,1707,4015
31-01-2016,12 - 13,2313,1706,4019
31-01-2016,13 - 14,2301,1714,4015
31-01-2016,14 - 15,2272,1702,3974
31-01-2016,15 - 16,2308,1689,3997
31-01-2016,16 - 17,2384,1768,4152
31-01-2016,17 - 18,2746,2023,4769
31-01-2016,18 - 19,2722,2037,4759
31-01-2016,19 - 20,2550,1906,4456
31-01-2016,20 - 21,2352,1761,4113
31-01-2016,21 - 22,2200,1640,3840
31-01-2016,22 - 23,2050,1504,3554
31-01-2016,23 - 00,1896,1378,3274
01-02-2016,00 - 01,1812,1315,3127
01-02-2016,01 - 02,1814,1261,3075
01-02-2016,02 - 03,1804,1235,3039
01-02-2016,03 - 04,1830,1244,3074
01-02-2016,04 - 05,1901,1271,3172
01-02-2016,05 - 06,2058,1365,3423
01-02-2016,06 - 07,2472,1635,4107
01-02-2016,07 - 08,2944,1931,4875
01-02-2016,08 - 09,3073,1991,5064
01-02-2016,09 - 10,3079,2011,5090
01-02-2016,10 - 11,3104,2048,5152
01-02-2016,11 - 12,3114,2057,5171
01-02-2016,12 - 13,2975,2044,5019
01-02-2016,13 - 14,3048,2029,5077
01-02-2016,14 - 15,2972,2010,4982
01-02-2016,15 - 16,2826,1995,4821
01-02-2016,16 - 17,2811,2046,4857
01-02-2016,17 - 18,3085,2228,5313
01-02-2016,18 - 19,2970,2167,5137
01-02-2016,19 - 20,2769,2027,4796
01-02-2016,20 - 21,2567,1855,4422
01-02-2016,21 - 22,2343,1720,4063
01-02-2016,22 - 23,2194,1558,3752
01-02-2016,23 - 00,2026,1420,3446
02-02-2016,00 - 01,1910,1349,3259
02-02-2016,01 - 02,1835,1352,3187
02-02-2016,02 - 03,1781,1335,3116
02-02-2016,03 - 04,1829,1292,3121
02-02-2016,04 - 05,1896,1308,3204
02-02-2016,05 - 06,2051,1405,3456
02-02-2016,06 - 07,2350,1651,4001
02-02-2016,07 - 08,2837,1923,4760
02-02-2016,08 - 09,2957,1992,4949
02-02-2016,09 - 10,2937,2014,4951
02-02-2016,10 - 11,2975,2025,5000
02-02-2016,11 - 12,2937,2028,4965
02-02-2016,12 - 13,2860,2011,4871
02-02-2016,13 - 14,2872,2002,4874
02-02-2016,14 - 15,2802,1979,4781
02-02-2016,15 - 16,2684,1971,4655
02-02-2016,16 - 17,2677,2014,4691
02-02-2016,17 - 18,2978,2218,5196
02-02-2016,18 - 19,2862,2181,5043
02-02-2016,19 - 20,2661,2041,4702
02-02-2016,20 - 21,2480,1891,4371
02-02-2016,21 - 22,2323,1757,4080
02-02-2016,22 - 23,2152,1592,3744
02-02-2016,23 - 00,1952,1437,3389
03-02-2016,00 - 01,1835,1353,3188
03-02-2016,01 - 02,1787,1290,3077
03-02-2016,02 - 03,1759,1280,3039
03-02-2016,03 - 04,1778,1276,3054
03-02-2016,04 - 05,1831,1312,3143
03-02-2016,05 - 06,1995,1410,3405
03-02-2016,06 - 07,2428,1677,4105
03-02-2016,07 - 08,2896,1946,4842
03-02-2016,08 - 09,2993,2021,5014
03-02-2016,09 - 10,2998,2034,5032
03-02-2016,10 - 11,2995,2060,5055
03-02-2016,11 - 12,2944,2038,4982
03-02-2016,12 - 13,2882,2011,4893
03-02-2016,13 - 14,2881,1979,4860
03-02-2016,14 - 15,2759,1949,4708
03-02-2016,15 - 16,2693,1906,4599
03-02-2016,16 - 17,2702,1957,4659
03-02-2016,17 - 18,3002,2204,5206
03-02-2016,18 - 19,2953,2174,5127
03-02-2016,19 - 20,2738,2052,4790
03-02-2016,20 - 21,2562,1903,4465
03-02-2016,21 - 22,2374,1771,4145
03-02-2016,22 - 23,2188,1617,3805
03-02-2016,23 - 00,2013,1469,3482
04-02-2016,00 - 01,1890,1380,3270
04-02-2016,01 - 02,1850,1312,3162
04-02-2016,02 - 03,1831,1278,3109
04-02-2016,03 - 04,1897,1292,3189
04-02-2016,04 - 05,1956,1336,3292
04-02-2016,05 - 06,2088,1411,3499
04-02-2016,06 - 07,2523,1712,4235
04-02-2016,07 - 08,2933,1975,4908
04-02-2016,08 - 09,3021,2005,5026
04-02-2016,09 - 10,2961,2014,4975
04-02-2016,10 - 11,2983,2020,5003
04-02-2016,11 - 12,2869,1998,4867
04-02-2016,12 - 13,2783,1977,4760
04-02-2016,13 - 14,2788,1969,4757
04-02-2016,14 - 15,2769,1920,4689
04-02-2016,15 - 16,2669,1892,4561
04-02-2016,16 - 17,2710,1931,4641
04-02-2016,17 - 18,3047,2154,5201
04-02-2016,18 - 19,3000,2158,5158
04-02-2016,19 - 20,2802,1984,4786
04-02-2016,20 - 21,2635,1857,4492
04-02-2016,21 - 22,2500,1728,4228
04-02-2016,22 - 23,2281,1582,3863
04-02-2016,23 - 00,2056,1443,3499
05-02-2016,00 - 01,1946,1348,3294
05-02-2016,01 - 02,1898,1283,3181
05-02-2016,02 - 03,1884,1255,3139
05-02-2016,03 - 04,1871,1259,3130
05-02-2016,04 - 05,1937,1271,3208
05-02-2016,05 - 06,2121,1379,3500
05-02-2016,06 - 07,2549,1632,4181
05-02-2016,07 - 08,3006,1909,4915
05-02-2016,08 - 09,3075,1965,5040
05-02-2016,09 - 10,3074,1991,5065
05-02-2016,10 - 11,3137,2019,5156
05-02-2016,11 - 12,3080,2000,5080
05-02-2016,12 - 13,2951,1960,4911
05-02-2016,13 - 14,2860,1949,4809
05-02-2016,14 - 15,2739,1924,4663
05-02-2016,15 - 16,2662,1897,4559
05-02-2016,16 - 17,2690,1950,4640
05-02-2016,17 - 18,2954,2149,5103
05-02-2016,18 - 19,2854,2120,4974
05-02-2016,19 - 20,2616,1958,4574
05-02-2016,20 - 21,2435,1792,4227
05-02-2016,21 - 22,2318,1676,3994
05-02-2016,22 - 23,2131,1546,3677
05-02-2016,23 - 00,1945,1428,3373
06-02-2016,00 - 01,1760,1331,3091
06-02-2016,01 - 02,1686,1250,2936
06-02-2016,02 - 03,1636,1230,2866
06-02-2016,03 - 04,1667,1207,2874
06-02-2016,04 - 05,1680,1202,2882
06-02-2016,05 - 06,1740,1227,2967
06-02-2016,06 - 07,1858,1299,3157
06-02-2016,07 - 08,2051,1431,3482
06-02-2016,08 - 09,2271,1522,3793
06-02-2016,09 - 10,2414,1651,4065
06-02-2016,10 - 11,2418,1730,4148
06-02-2016,11 - 12,2393,1755,4148
06-02-2016,12 - 13,2364,1741,4105
06-02-2016,13 - 14,2361,1733,4094
06-02-2016,14 - 15,2310,1692,4002
06-02-2016,15 - 16,2313,1664,3977
06-02-2016,16 - 17,2355,1729,4084
06-02-2016,17 - 18,2607,1952,4559
06-02-2016,18 - 19,2554,1979,4533
06-02-2016,19 - 20,2336,1807,4143
06-02-2016,20 - 21,2192,1661,3853
06-02-2016,21 - 22,2098,1580,3678
06-02-2016,22 - 23,1944,1467,3411
06-02-2016,23 - 00,1807,1369,3176
07-02-2016,00 - 01,1699,1287,2986
07-02-2016,01 - 02,1617,1214,2831
07-02-2016,02 - 03,1596,1172,2768
07-02-2016,03 - 04,1603,1162,2765
07-02-2016,04 - 05,1626,1159,2785
07-02-2016,05 - 06,1653,1190,2843
07-02-2016,06 - 07,1755,1255,3010
07-02-2016,07 - 08,1934,1351,3285
07-02-2016,08 - 09,2063,1461,3524
07-02-2016,09 - 10,2163,1563,3726
07-02-2016,10 - 11,2208,1628,3836
07-02-2016,11 - 12,2241,1643,3884
07-02-2016,12 - 13,2266,1643,3909
07-02-2016,13 - 14,2196,1645,3841
07-02-2016,14 - 15,2210,1636,3846
07-02-2016,15 - 16,2157,1636,3793
07-02-2016,16 - 17,2237,1696,3933
07-02-2016,17 - 18,2544,1918,4462
07-02-2016,18 - 19,2624,1962,4586
07-02-2016,19 - 20,2417,1816,4233
07-02-2016,20 - 21,2269,1658,3927
07-02-2016,21 - 22,2098,1580,3678
07-02-2016,22 - 23,1920,1456,3376
07-02-2016,23 - 00,1808,1326,3134
08-02-2016,00 - 01,1743,1239,2982
08-02-2016,01 - 02,1695,1197,2892
08-02-2016,02 - 03,1682,1167,2849
08-02-2016,03 - 04,1716,1184,2900
08-02-2016,04 - 05,1747,1217,2964
08-02-2016,05 - 06,1913,1319,3232
08-02-2016,06 - 07,2366,1579,3945
08-02-2016,07 - 08,2799,1858,4657
08-02-2016,08 - 09,2955,1938,4893
08-02-2016,09 - 10,2938,1984,4922
08-02-2016,10 - 11,2953,1985,4938
08-02-2016,11 - 12,2927,1986,4913
08-02-2016,12 - 13,2858,1956,4814
08-02-2016,13 - 14,2886,1949,4835
08-02-2016,14 - 15,2875,1892,4767
08-02-2016,15 - 16,2778,1847,4625
08-02-2016,16 - 17,2748,1900,4648
08-02-2016,17 - 18,3035,2106,5141
08-02-2016,18 - 19,2968,2086,5054
08-02-2016,19 - 20,2750,1942,4692
08-02-2016,20 - 21,2580,1802,4382
08-02-2016,21 - 22,2427,1667,4094
08-02-2016,22 - 23,2206,1514,3720
08-02-2016,23 - 00,2060,1389,3449
09-02-2016,00 - 01,1964,1286,3250
09-02-2016,01 - 02,1906,1239,3145
09-02-2016,02 - 03,1872,1211,3083
09-02-2016,03 - 04,1871,1205,3076
09-02-2016,04 - 05,1925,1227,3152
09-02-2016,05 - 06,2061,1332,3393
09-02-2016,06 - 07,2494,1567,4061
09-02-2016,07 - 08,2907,1852,4759
09-02-2016,08 - 09,3015,1919,4934
09-02-2016,09 - 10,3006,1945,4951
09-02-2016,10 - 11,3016,1967,4983
09-02-2016,11 - 12,2939,1939,4878
09-02-2016,12 - 13,2872,1839,4711
09-02-2016,13 - 14,2872,1822,4694
09-02-2016,14 - 15,2814,1845,4659
09-02-2016,15 - 16,2745,1864,4609
09-02-2016,16 - 17,2768,1909,4677
09-02-2016,17 - 18,3068,2132,5200
09-02-2016,18 - 19,3050,2131,5181
09-02-2016,19 - 20,2854,1989,4843
09-02-2016,20 - 21,2669,1826,4495
09-02-2016,21 - 22,2495,1697,4192
09-02-2016,22 - 23,2301,1524,3825
09-02-2016,23 - 00,2124,1400,3524
10-02-2016,00 - 01,1990,1298,3288
10-02-2016,01 - 02,1950,1267,3217
10-02-2016,02 - 03,1937,1242,3179
10-02-2016,03 - 04,1935,1270,3205
10-02-2016,04 - 05,1981,1313,3294
10-02-2016,05 - 06,2149,1385,3534
10-02-2016,06 - 07,2558,1657,4215
10-02-2016,07 - 08,3016,1906,4922
10-02-2016,08 - 09,3096,1981,5077
10-02-2016,09 - 10,3079,2016,5095
10-02-2016,10 - 11,3084,2020,5104
10-02-2016,11 - 12,3071,2002,5073
10-02-2016,12 - 13,2986,1976,4962
10-02-2016,13 - 14,2998,1966,4964
10-02-2016,14 - 15,2934,1923,4857
10-02-2016,15 - 16,2829,1886,4715
10-02-2016,16 - 17,2868,1964,4832
10-02-2016,17 - 18,3149,2100,5249
10-02-2016,18 - 19,3103,2130,5233
10-02-2016,19 - 20,2907,2025,4932
10-02-2016,20 - 21,2720,1890,4610
10-02-2016,21 - 22,2540,1763,4303
10-02-2016,22 - 23,2353,1594,3947
10-02-2016,23 - 00,2131,1437,3568
11-02-2016,00 - 01,1989,1328,3317
11-02-2016,01 - 02,1931,1262,3193
11-02-2016,02 - 03,1913,1243,3156
11-02-2016,03 - 04,1916,1249,3165
11-02-2016,04 - 05,1948,1266,3214
11-02-2016,05 - 06,2125,1394,3519
11-02-2016,06 - 07,2555,1651,4206
11-02-2016,07 - 08,3025,1917,4942
11-02-2016,08 - 09,3296,1937,5233
11-02-2016,09 - 10,3102,1940,5042
11-02-2016,10 - 11,3110,1959,5069
11-02-2016,11 - 12,3073,1946,5019
11-02-2016,12 - 13,2993,1924,4917
11-02-2016,13 - 14,2990,1917,4907
11-02-2016,14 - 15,2914,1879,4793
11-02-2016,15 - 16,2814,1838,4652
11-02-2016,16 - 17,2824,1860,4684
11-02-2016,17 - 18,3075,2068,5143
11-02-2016,18 - 19,3055,2105,5160
11-02-2016,19 - 20,2855,1964,4819
11-02-2016,20 - 21,2652,1867,4519
11-02-2016,21 - 22,2487,1743,4230
11-02-2016,22 - 23,2302,1583,3885
11-02-2016,23 - 00,2097,1430,3527
12-02-2016,00 - 01,1976,1321,3297
12-02-2016,01 - 02,1933,1260,3193
12-02-2016,02 - 03,1909,1241,3150
12-02-2016,03 - 04,1916,1238,3154
12-02-2016,04 - 05,1972,1267,3239
12-02-2016,05 - 06,2138,1364,3502
12-02-2016,06 - 07,2564,1632,4196
12-02-2016,07 - 08,3007,1867,4874
12-02-2016,08 - 09,3086,1894,4980
12-02-2016,09 - 10,3041,1912,4953
12-02-2016,10 - 11,3025,1948,4973
12-02-2016,11 - 12,2975,1930,4905
12-02-2016,12 - 13,2853,1880,4733
12-02-2016,13 - 14,2778,1870,4648
12-02-2016,14 - 15,2665,1812,4477
12-02-2016,15 - 16,2571,1780,4351
12-02-2016,16 - 17,2631,1807,4438
12-02-2016,17 - 18,2915,2015,4930
12-02-2016,18 - 19,2974,2080,5054
12-02-2016,19 - 20,2729,1925,4654
12-02-2016,20 - 21,2508,1825,4333
12-02-2016,21 - 22,2359,1712,4071
12-02-2016,22 - 23,2199,1575,3774
12-02-2016,23 - 00,2051,1461,3512
13-02-2016,00 - 01,1927,1370,3297
13-02-2016,01 - 02,1865,1307,3172
13-02-2016,02 - 03,1856,1278,3134
13-02-2016,03 - 04,1840,1274,3114
13-02-2016,04 - 05,1855,1282,3137
13-02-2016,05 - 06,1919,1302,3221
13-02-2016,06 - 07,2051,1371,3422
13-02-2016,07 - 08,2242,1478,3720
13-02-2016,08 - 09,2391,1619,4010
13-02-2016,09 - 10,2459,1733,4192
13-02-2016,10 - 11,2478,1785,4263
13-02-2016,11 - 12,2425,1782,4207
13-02-2016,12 - 13,2352,1763,4115
13-02-2016,13 - 14,2309,1725,4034
13-02-2016,14 - 15,2251,1688,3939
13-02-2016,15 - 16,2244,1663,3907
13-02-2016,16 - 17,2323,1715,4038
13-02-2016,17 - 18,2632,1931,4563
13-02-2016,18 - 19,2717,1992,4709
13-02-2016,19 - 20,2503,1844,4347
13-02-2016,20 - 21,2317,1716,4033
13-02-2016,21 - 22,2162,1616,3778
13-02-2016,22 - 23,2030,1525,3555
13-02-2016,23 - 00,1922,1442,3364
14-02-2016,00 - 01,1820,1358,3178
14-02-2016,01 - 02,1757,1285,3042
14-02-2016,02 - 03,1723,1250,2973
14-02-2016,03 - 04,1720,1243,2963
14-02-2016,04 - 05,1740,1239,2979
14-02-2016,05 - 06,1773,1269,3042
14-02-2016,06 - 07,1871,1332,3203
14-02-2016,07 - 08,2048,1426,3474
14-02-2016,08 - 09,2227,1526,3753
14-02-2016,09 - 10,2320,1644,3964
14-02-2016,10 - 11,2318,1712,4030
14-02-2016,11 - 12,2339,1746,4085
14-02-2016,12 - 13,2221,1729,3950
14-02-2016,13 - 14,2195,1707,3902
14-02-2016,14 - 15,2204,1687,3891
14-02-2016,15 - 16,2164,1667,3831
14-02-2016,16 - 17,2311,1752,4063
14-02-2016,17 - 18,2664,1944,4608
14-02-2016,18 - 19,2729,2008,4737
14-02-2016,19 - 20,2552,1877,4429
14-02-2016,20 - 21,2413,1743,4156
14-02-2016,21 - 22,2277,1634,3911
14-02-2016,22 - 23,2158,1517,3675
14-02-2016,23 - 00,2040,1400,3440
15-02-2016,00 - 01,1861,1297,3158
15-02-2016,01 - 02,1825,1255,3080
15-02-2016,02 - 03,1850,1236,3086
15-02-2016,03 - 04,1876,1252,3128
15-02-2016,04 - 05,1918,1283,3201
15-02-2016,05 - 06,2059,1383,3442
15-02-2016,06 - 07,2518,1608,4126
15-02-2016,07 - 08,2932,1846,4778
15-02-2016,08 - 09,3069,1928,4997
15-02-2016,09 - 10,3067,1955,5022
15-02-2016,10 - 11,3053,1972,5025
15-02-2016,11 - 12,3002,1941,4943
15-02-2016,12 - 13,2892,1906,4798
15-02-2016,13 - 14,2900,1882,4782
15-02-2016,14 - 15,2815,1870,4685
15-02-2016,15 - 16,2713,1842,4555
15-02-2016,16 - 17,2704,1881,4585
15-02-2016,17 - 18,3000,2070,5070
15-02-2016,18 - 19,3061,2127,5188
15-02-2016,19 - 20,2872,1991,4863
15-02-2016,20 - 21,2692,1816,4508
15-02-2016,21 - 22,2540,1711,4251
15-02-2016,22 - 23,2370,1625,3995
15-02-2016,23 - 00,2197,1499,3696
16-02-2016,00 - 01,2076,1400,3476
16-02-2016,01 - 02,2037,1349,3386
16-02-2016,02 - 03,2044,1317,3361
16-02-2016,03 - 04,2066,1338,3404
16-02-2016,04 - 05,2117,1366,3483
16-02-2016,05 - 06,2266,1461,3727
16-02-2016,06 - 07,2642,1692,4334
16-02-2016,07 - 08,3031,1890,4921
16-02-2016,08 - 09,2883,1790,4673
16-02-2016,09 - 10,3115,1984,5099
16-02-2016,10 - 11,3115,1992,5107
16-02-2016,11 - 12,3058,1945,5003
16-02-2016,12 - 13,2938,1905,4843
16-02-2016,13 - 14,2924,1878,4802
16-02-2016,14 - 15,2841,1835,4676
16-02-2016,15 - 16,2722,1763,4485
16-02-2016,16 - 17,2709,1791,4500
16-02-2016,17 - 18,2960,1992,4952
16-02-2016,18 - 19,2976,2093,5069
16-02-2016,19 - 20,2792,1957,4749
16-02-2016,20 - 21,2617,1821,4438
16-02-2016,21 - 22,2450,1700,4150
16-02-2016,22 - 23,2255,1622,3877
16-02-2016,23 - 00,2081,1478,3559
17-02-2016,00 - 01,1951,1388,3339
17-02-2016,01 - 02,1891,1329,3220
17-02-2016,02 - 03,1900,1311,3211
17-02-2016,03 - 04,1885,1316,3201
17-02-2016,04 - 05,1954,1360,3314
17-02-2016,05 - 06,2132,1458,3590
17-02-2016,06 - 07,2516,1682,4198
17-02-2016,07 - 08,2881,1845,4726
17-02-2016,08 - 09,3009,1932,4941
17-02-2016,09 - 10,2995,1971,4966
17-02-2016,10 - 11,2968,1978,4946
17-02-2016,11 - 12,2925,2013,4938
17-02-2016,12 - 13,2839,1989,4828
17-02-2016,13 - 14,2863,1956,4819
17-02-2016,14 - 15,2813,1909,4722
17-02-2016,15 - 16,2711,1849,4560
17-02-2016,16 - 17,2698,1886,4584
17-02-2016,17 - 18,2968,2090,5058
17-02-2016,18 - 19,3011,2152,5163
17-02-2016,19 - 20,2781,2004,4785
17-02-2016,20 - 21,2611,1877,4488
17-02-2016,21 - 22,2455,1754,4209
17-02-2016,22 - 23,2313,1607,3920
17-02-2016,23 - 00,2144,1460,3604
18-02-2016,00 - 01,2023,1374,3397
18-02-2016,01 - 02,1974,1321,3295
18-02-2016,02 - 03,1963,1295,3258
18-02-2016,03 - 04,1973,1299,3272
18-02-2016,04 - 05,2023,1326,3349
18-02-2016,05 - 06,2168,1418,3586
18-02-2016,06 - 07,2537,1632,4169
18-02-2016,07 - 08,2948,1859,4807
18-02-2016,08 - 09,3090,1968,5058
18-02-2016,09 - 10,3127,2008,5135
18-02-2016,10 - 11,3163,2044,5207
18-02-2016,11 - 12,3119,2042,5161
18-02-2016,12 - 13,3015,2016,5031
18-02-2016,13 - 14,3010,1991,5001
18-02-2016,14 - 15,2954,1959,4913
18-02-2016,15 - 16,2869,1896,4765
18-02-2016,16 - 17,2839,1920,4759
18-02-2016,17 - 18,3043,2085,5128
18-02-2016,18 - 19,3046,2117,5163
18-02-2016,19 - 20,2854,1993,4847
18-02-2016,20 - 21,2675,1862,4537
18-02-2016,21 - 22,2492,1744,4236
18-02-2016,22 - 23,2313,1606,3919
18-02-2016,23 - 00,2131,1472,3603
19-02-2016,00 - 01,1998,1375,3373
19-02-2016,01 - 02,1937,1319,3256
19-02-2016,02 - 03,1897,1294,3191
19-02-2016,03 - 04,1909,1305,3214
19-02-2016,04 - 05,1961,1338,3299
19-02-2016,05 - 06,2117,1431,3548
19-02-2016,06 - 07,2478,1641,4119
19-02-2016,07 - 08,2890,1828,4718
19-02-2016,08 - 09,3045,1944,4989
19-02-2016,09 - 10,3089,1999,5088
19-02-2016,10 - 11,3146,2034,5180
19-02-2016,11 - 12,3100,2003,5103
19-02-2016,12 - 13,2953,1955,4908
19-02-2016,13 - 14,2800,1925,4725
19-02-2016,14 - 15,2622,1882,4504
19-02-2016,15 - 16,2513,1861,4374
19-02-2016,16 - 17,2516,1897,4413
19-02-2016,17 - 18,2673,2057,4730
19-02-2016,18 - 19,2693,2089,4782
19-02-2016,19 - 20,2418,1944,4362
19-02-2016,20 - 21,2248,1778,4026
19-02-2016,21 - 22,2109,1667,3776
19-02-2016,22 - 23,1982,1554,3536
19-02-2016,23 - 00,1847,1444,3291
20-02-2016,00 - 01,1767,1363,3130
20-02-2016,01 - 02,1683,1283,2966
20-02-2016,02 - 03,1563,1233,2796
20-02-2016,03 - 04,1546,1243,2789
20-02-2016,04 - 05,1599,1245,2844
20-02-2016,05 - 06,1731,1279,3010
20-02-2016,06 - 07,1856,1359,3215
20-02-2016,07 - 08,2024,1462,3486
20-02-2016,08 - 09,2153,1607,3760
20-02-2016,09 - 10,2295,1749,4044
20-02-2016,10 - 11,2349,1853,4202
20-02-2016,11 - 12,2373,1860,4233
20-02-2016,12 - 13,2215,1848,4063
20-02-2016,13 - 14,2117,1825,3942
20-02-2016,14 - 15,2116,1745,3861
20-02-2016,15 - 16,2131,1755,3886
20-02-2016,16 - 17,2189,1744,3933
20-02-2016,17 - 18,2445,1907,4352
20-02-2016,18 - 19,2486,1940,4426
20-02-2016,19 - 20,2178,1677,3855
20-02-2016,20 - 21,2026,1460,3486
20-02-2016,21 - 22,1997,1381,3378
20-02-2016,22 - 23,1882,1282,3164
20-02-2016,23 - 00,1762,1225,2987
21-02-2016,00 - 01,1628,1191,2819
21-02-2016,01 - 02,1586,1146,2732
21-02-2016,02 - 03,1511,1108,2619
21-02-2016,03 - 04,1518,1094,2612
21-02-2016,04 - 05,1595,1099,2694
21-02-2016,05 - 06,1566,1138,2704
21-02-2016,06 - 07,1658,1182,2840
21-02-2016,07 - 08,1773,1267,3040
21-02-2016,08 - 09,1944,1381,3325
21-02-2016,09 - 10,2065,1481,3546
21-02-2016,10 - 11,2092,1465,3557
21-02-2016,11 - 12,2066,1468,3534
21-02-2016,12 - 13,2037,1536,3573
21-02-2016,13 - 14,2049,1634,3683
21-02-2016,14 - 15,2123,1605,3728
21-02-2016,15 - 16,2157,1599,3756
21-02-2016,16 - 17,2312,1665,3977
21-02-2016,17 - 18,2573,1894,4467
21-02-2016,18 - 19,2607,1961,4568
21-02-2016,19 - 20,2451,1839,4290
21-02-2016,20 - 21,2273,1688,3961
21-02-2016,21 - 22,2194,1598,3792
21-02-2016,22 - 23,2066,1462,3528
21-02-2016,23 - 00,1902,1339,3241
22-02-2016,00 - 01,1744,1258,3002
22-02-2016,01 - 02,1711,1208,2919
22-02-2016,02 - 03,1673,1185,2858
22-02-2016,03 - 04,1712,1196,2908
22-02-2016,04 - 05,1748,1239,2987
22-02-2016,05 - 06,1899,1348,3247
22-02-2016,06 - 07,2248,1570,3818
22-02-2016,07 - 08,2650,1800,4450
22-02-2016,08 - 09,2649,1900,4549
22-02-2016,09 - 10,2630,1945,4575
22-02-2016,10 - 11,2704,1936,4640
22-02-2016,11 - 12,2665,1926,4591
22-02-2016,12 - 13,2579,1866,4445
22-02-2016,13 - 14,2619,1841,4460
22-02-2016,14 - 15,2542,1818,4360
22-02-2016,15 - 16,2388,1797,4185
22-02-2016,16 - 17,2682,1833,4515
22-02-2016,17 - 18,2630,2020,4650
22-02-2016,18 - 19,2686,2092,4778
22-02-2016,19 - 20,2551,1964,4515
22-02-2016,20 - 21,2396,1825,4221
22-02-2016,21 - 22,2221,1682,3903
22-02-2016,22 - 23,2078,1525,3603
22-02-2016,23 - 00,1909,1372,3281
23-02-2016,00 - 01,1777,1294,3071
23-02-2016,01 - 02,1689,1247,2936
23-02-2016,02 - 03,1681,1216,2897
23-02-2016,03 - 04,1709,1261,2970
23-02-2016,04 - 05,1710,1257,2967
23-02-2016,05 - 06,1918,1350,3268
23-02-2016,06 - 07,2333,1596,3929
23-02-2016,07 - 08,2716,1814,4530
23-02-2016,08 - 09,2764,1891,4655
23-02-2016,09 - 10,2719,1891,4610
23-02-2016,10 - 11,2682,1929,4611
23-02-2016,11 - 12,2674,1921,4595
23-02-2016,12 - 13,2561,1919,4480
23-02-2016,13 - 14,2593,1881,4474
23-02-2016,14 - 15,2540,1844,4384
23-02-2016,15 - 16,2698,1807,4505
23-02-2016,16 - 17,2659,1843,4502
23-02-2016,17 - 18,2887,2026,4913
23-02-2016,18 - 19,2943,2113,5056
23-02-2016,19 - 20,2745,1977,4722
23-02-2016,20 - 21,2551,1858,4409
23-02-2016,21 - 22,2407,1739,4146
23-02-2016,22 - 23,2218,1565,3783
23-02-2016,23 - 00,2011,1415,3426
24-02-2016,00 - 01,1864,1331,3195
24-02-2016,01 - 02,1837,1269,3106
24-02-2016,02 - 03,1823,1247,3070
24-02-2016,03 - 04,1834,1259,3093
24-02-2016,04 - 05,1876,1293,3169
24-02-2016,05 - 06,2047,1390,3437
24-02-2016,06 - 07,2478,1631,4109
24-02-2016,07 - 08,2847,1859,4706
24-02-2016,08 - 09,2936,1926,4862
24-02-2016,09 - 10,2875,1948,4823
24-02-2016,10 - 11,2796,1950,4746
24-02-2016,11 - 12,2740,1963,4703
24-02-2016,12 - 13,2563,1930,4493
24-02-2016,13 - 14,2574,1899,4473
24-02-2016,14 - 15,2652,1870,4522
24-02-2016,15 - 16,2558,1833,4391
24-02-2016,16 - 17,2590,1837,4427
24-02-2016,17 - 18,2837,2005,4842
24-02-2016,18 - 19,2949,2108,5057
24-02-2016,19 - 20,2785,2001,4786
24-02-2016,20 - 21,2600,1886,4486
24-02-2016,21 - 22,2421,1749,4170
24-02-2016,22 - 23,2238,1600,3838
24-02-2016,23 - 00,2073,1452,3525
25-02-2016,00 - 01,1936,1355,3291
25-02-2016,01 - 02,1862,1300,3162
25-02-2016,02 - 03,1845,1267,3112
25-02-2016,03 - 04,1873,1272,3145
25-02-2016,04 - 05,1950,1293,3243
25-02-2016,05 - 06,2121,1403,3524
25-02-2016,06 - 07,2553,1648,4201
25-02-2016,07 - 08,2939,1862,4801
25-02-2016,08 - 09,3010,1920,4930
25-02-2016,09 - 10,2937,1942,4879
25-02-2016,10 - 11,2940,1972,4912
25-02-2016,11 - 12,2916,1940,4856
25-02-2016,12 - 13,2862,1894,4756
25-02-2016,13 - 14,2863,1860,4723
25-02-2016,14 - 15,2804,1841,4645
25-02-2016,15 - 16,2690,1820,4510
25-02-2016,16 - 17,2687,1862,4549
25-02-2016,17 - 18,2886,2026,4912
25-02-2016,18 - 19,2952,2109,5061
25-02-2016,19 - 20,2797,1976,4773
25-02-2016,20 - 21,2624,1854,4478
25-02-2016,21 - 22,2445,1728,4173
25-02-2016,22 - 23,2260,1585,3845
25-02-2016,23 - 00,2056,1435,3491
26-02-2016,00 - 01,1926,1346,3272
26-02-2016,01 - 02,1858,1289,3147
26-02-2016,02 - 03,1843,1264,3107
26-02-2016,03 - 04,1867,1276,3143
26-02-2016,04 - 05,1916,1287,3203
26-02-2016,05 - 06,2079,1393,3472
26-02-2016,06 - 07,2493,1633,4126
26-02-2016,07 - 08,2839,1842,4681
26-02-2016,08 - 09,2917,1931,4848
26-02-2016,09 - 10,2854,1939,4793
26-02-2016,10 - 11,2849,1947,4796
26-02-2016,11 - 12,2776,1911,4687
26-02-2016,12 - 13,2631,1879,4510
26-02-2016,13 - 14,2528,1819,4347
26-02-2016,14 - 15,2434,1756,4190
26-02-2016,15 - 16,2342,1720,4062
26-02-2016,16 - 17,2382,1753,4135
26-02-2016,17 - 18,2626,1903,4529
26-02-2016,18 - 19,2777,2045,4822
26-02-2016,19 - 20,2592,1927,4519
26-02-2016,20 - 21,2389,1776,4165
26-02-2016,21 - 22,2234,1666,3900
26-02-2016,22 - 23,2091,1542,3633
26-02-2016,23 - 00,1944,1434,3378
27-02-2016,00 - 01,1821,1346,3167
27-02-2016,01 - 02,1763,1288,3051
27-02-2016,02 - 03,1731,1257,2988
27-02-2016,03 - 04,1801,1257,3058
27-02-2016,04 - 05,1783,1263,3046
27-02-2016,05 - 06,1837,1304,3141
27-02-2016,06 - 07,1983,1387,3370
27-02-2016,07 - 08,2142,1470,3612
27-02-2016,08 - 09,2312,1615,3927
27-02-2016,09 - 10,2360,1718,4078
27-02-2016,10 - 11,2367,1771,4138
27-02-2016,11 - 12,2342,1776,4118
27-02-2016,12 - 13,2267,1759,4026
27-02-2016,13 - 14,2224,1739,3963
27-02-2016,14 - 15,2166,1695,3861
27-02-2016,15 - 16,2175,1691,3866
27-02-2016,16 - 17,2237,1723,3960
27-02-2016,17 - 18,2479,1882,4361
27-02-2016,18 - 19,2620,2007,4627
27-02-2016,19 - 20,2457,1887,4344
27-02-2016,20 - 21,2294,1759,4053
27-02-2016,21 - 22,2173,1660,3833
27-02-2016,22 - 23,2040,1555,3595
27-02-2016,23 - 00,1907,1453,3360
28-02-2016,00 - 01,1813,1368,3181
28-02-2016,01 - 02,1747,1293,3040
28-02-2016,02 - 03,1723,1281,3004
28-02-2016,03 - 04,1719,1261,2980
28-02-2016,04 - 05,1750,1263,3013
28-02-2016,05 - 06,1813,1287,3100
28-02-2016,06 - 07,1933,1355,3288
28-02-2016,07 - 08,2075,1447,3522
28-02-2016,08 - 09,2231,1588,3819
28-02-2016,09 - 10,2275,1707,3982
28-02-2016,10 - 11,2285,1741,4026
28-02-2016,11 - 12,2272,1769,4041
28-02-2016,12 - 13,2217,1751,3968
28-02-2016,13 - 14,2156,1728,3884
28-02-2016,14 - 15,2121,1718,3839
28-02-2016,15 - 16,2118,1724,3842
28-02-2016,16 - 17,2186,1772,3958
28-02-2016,17 - 18,2467,1937,4404
28-02-2016,18 - 19,2684,2064,4748
28-02-2016,19 - 20,2550,1943,4493
28-02-2016,20 - 21,2373,1793,4166
28-02-2016,21 - 22,2223,1681,3904
28-02-2016,22 - 23,2073,1538,3611
28-02-2016,23 - 00,1944,1417,3361
29-02-2016,00 - 01,1874,1312,3186
29-02-2016,01 - 02,1857,1278,3135
29-02-2016,02 - 03,1848,1247,3095
29-02-2016,03 - 04,1861,1259,3120
29-02-2016,04 - 05,1935,1300,3235
29-02-2016,05 - 06,2118,1393,3511
29-02-2016,06 - 07,2567,1660,4227
29-02-2016,07 - 08,2920,1864,4784
29-02-2016,08 - 09,3073,1957,5030
29-02-2016,09 - 10,3053,1998,5051
29-02-2016,10 - 11,3072,1999,5071
29-02-2016,11 - 12,3025,1988,5013
29-02-2016,12 - 13,2920,1955,4875
29-02-2016,13 - 14,2906,1914,4820
29-02-2016,14 - 15,2831,1882,4713
29-02-2016,15 - 16,2695,1822,4517
29-02-2016,16 - 17,2679,1846,4525
29-02-2016,17 - 18,2910,2018,4928
29-02-2016,18 - 19,2987,2132,5119
29-02-2016,19 - 20,2848,2020,4868
29-02-2016,20 - 21,2684,1887,4571
29-02-2016,21 - 22,2490,1746,4236
29-02-2016,22 - 23,2309,1591,3900
29-02-2016,23 - 00,2119,1450,3569
01-03-2016,00 - 01,1993,1358,3351
01-03-2016,01 - 02,1932,1296,3228
01-03-2016,02 - 03,1917,1275,3192
01-03-2016,03 - 04,1924,1284,3208
01-03-2016,04 - 05,1955,1323,3278
01-03-2016,05 - 06,2128,1426,3554
01-03-2016,06 - 07,2546,1686,4232
01-03-2016,07 - 08,2933,1900,4833
01-03-2016,08 - 09,3024,1987,5011
01-03-2016,09 - 10,2925,2021,4946
01-03-2016,10 - 11,2919,2033,4952
01-03-2016,11 - 12,2853,2021,4874
01-03-2016,12 - 13,2763,2011,4774
01-03-2016,13 - 14,2762,1996,4758
01-03-2016,14 - 15,2670,1977,4647
01-03-2016,15 - 16,2705,1927,4632
01-03-2016,16 - 17,2674,1956,4630
01-03-2016,17 - 18,2894,2120,5014
01-03-2016,18 - 19,2894,2180,5074
01-03-2016,19 - 20,2720,2034,4754
01-03-2016,20 - 21,2530,1892,4422
01-03-2016,21 - 22,2371,1758,4129
01-03-2016,22 - 23,2204,1590,3794
01-03-2016,23 - 00,1978,1449,3427
02-03-2016,00 - 01,1873,1360,3233
02-03-2016,01 - 02,1866,1302,3168
02-03-2016,02 - 03,1823,1265,3088
02-03-2016,03 - 04,1835,1264,3099
02-03-2016,04 - 05,1909,1281,3190
02-03-2016,05 - 06,2064,1377,3441
02-03-2016,06 - 07,2481,1625,4106
02-03-2016,07 - 08,2858,1871,4729
02-03-2016,08 - 09,2989,1969,4958
02-03-2016,09 - 10,3010,2003,5013
02-03-2016,10 - 11,3071,2037,5108
02-03-2016,11 - 12,3047,2039,5086
02-03-2016,12 - 13,2982,2031,5013
02-03-2016,13 - 14,2974,2017,4991
02-03-2016,14 - 15,2926,1973,4899
02-03-2016,15 - 16,2846,1917,4763
02-03-2016,16 - 17,2859,1930,4789
02-03-2016,17 - 18,3062,2080,5142
02-03-2016,18 - 19,3071,2126,5197
02-03-2016,19 - 20,2891,1988,4879
02-03-2016,20 - 21,2700,1874,4574
02-03-2016,21 - 22,2509,1715,4224
02-03-2016,22 - 23,2268,1555,3823
02-03-2016,23 - 00,2083,1424,3507
03-03-2016,00 - 01,1963,1330,3293
03-03-2016,01 - 02,1923,1275,3198
03-03-2016,02 - 03,1918,1248,3166
03-03-2016,03 - 04,1936,1273,3209
03-03-2016,04 - 05,2007,1302,3309
03-03-2016,05 - 06,2172,1400,3572
03-03-2016,06 - 07,2595,1656,4251
03-03-2016,07 - 08,2939,1863,4802
03-03-2016,08 - 09,3037,1956,4993
03-03-2016,09 - 10,3012,1995,5007
03-03-2016,10 - 11,3061,1987,5048
03-03-2016,11 - 12,3033,1958,4991
03-03-2016,12 - 13,2937,1944,4881
03-03-2016,13 - 14,2934,1922,4856
03-03-2016,14 - 15,2858,1892,4750
03-03-2016,15 - 16,2746,1871,4617
03-03-2016,16 - 17,2755,1874,4629
03-03-2016,17 - 18,2937,2011,4948
03-03-2016,18 - 19,2991,2096,5087
03-03-2016,19 - 20,2838,1989,4827
03-03-2016,20 - 21,2656,1847,4503
03-03-2016,21 - 22,2458,1718,4176
03-03-2016,22 - 23,2256,1551,3807
03-03-2016,23 - 00,2078,1404,3482
04-03-2016,00 - 01,1971,1308,3279
04-03-2016,01 - 02,1920,1249,3169
04-03-2016,02 - 03,1893,1224,3117
04-03-2016,03 - 04,1894,1225,3119
04-03-2016,04 - 05,1940,1269,3209
04-03-2016,05 - 06,2104,1356,3460
04-03-2016,06 - 07,2529,1615,4144
04-03-2016,07 - 08,2895,1818,4713
04-03-2016,08 - 09,3023,1918,4941
04-03-2016,09 - 10,3002,1914,4916
04-03-2016,10 - 11,3043,1973,5016
04-03-2016,11 - 12,3049,1951,5000
04-03-2016,12 - 13,3290,1920,5210
04-03-2016,13 - 14,2768,1889,4657
04-03-2016,14 - 15,2623,1846,4469
04-03-2016,15 - 16,2531,1820,4351
04-03-2016,16 - 17,2575,1865,4440
04-03-2016,17 - 18,2737,2008,4745
04-03-2016,18 - 19,2832,2071,4903
04-03-2016,19 - 20,2638,1933,4571
04-03-2016,20 - 21,2521,1769,4290
04-03-2016,21 - 22,2363,1648,4011
04-03-2016,22 - 23,2199,1540,3739
04-03-2016,23 - 00,2051,1433,3484
05-03-2016,00 - 01,1826,1331,3157
05-03-2016,01 - 02,1724,1279,3003
05-03-2016,02 - 03,1676,1233,2909
05-03-2016,03 - 04,1643,1223,2866
05-03-2016,04 - 05,1660,1215,2875
05-03-2016,05 - 06,1732,1225,2957
05-03-2016,06 - 07,1875,1285,3160
05-03-2016,07 - 08,2041,1389,3430
05-03-2016,08 - 09,2247,1559,3806
05-03-2016,09 - 10,2381,1663,4044
05-03-2016,10 - 11,2444,1715,4159
05-03-2016,11 - 12,2446,1722,4168
05-03-2016,12 - 13,2385,1717,4102
05-03-2016,13 - 14,2330,1690,4020
05-03-2016,14 - 15,2332,1679,4011
05-03-2016,15 - 16,2301,1659,3960
05-03-2016,16 - 17,2336,1693,4029
05-03-2016,17 - 18,2531,1853,4384
05-03-2016,18 - 19,2582,1928,4510
05-03-2016,19 - 20,2413,1824,4237
05-03-2016,20 - 21,2258,1706,3964
05-03-2016,21 - 22,2118,1607,3725
05-03-2016,22 - 23,1996,1509,3505
05-03-2016,23 - 00,1894,1407,3301
06-03-2016,00 - 01,1766,1315,3081
06-03-2016,01 - 02,1688,1243,2931
06-03-2016,02 - 03,1655,1193,2848
06-03-2016,03 - 04,1648,1182,2830
06-03-2016,04 - 05,1693,1196,2889
06-03-2016,05 - 06,1744,1221,2965
06-03-2016,06 - 07,1853,1277,3130
06-03-2016,07 - 08,1990,1364,3354
06-03-2016,08 - 09,2192,1524,3716
06-03-2016,09 - 10,2327,1652,3979
06-03-2016,10 - 11,2378,1748,4126
06-03-2016,11 - 12,2375,1784,4159
06-03-2016,12 - 13,2345,1759,4104
06-03-2016,13 - 14,2315,1761,4076
06-03-2016,14 - 15,2293,1732,4025
06-03-2016,15 - 16,2310,1713,4023
06-03-2016,16 - 17,2376,1742,4118
06-03-2016,17 - 18,2604,1886,4490
06-03-2016,18 - 19,2716,2015,4731
06-03-2016,19 - 20,2570,1908,4478
06-03-2016,20 - 21,2401,1768,4169
06-03-2016,21 - 22,2251,1639,3890
06-03-2016,22 - 23,2094,1496,3590
06-03-2016,23 - 00,1981,1384,3365
07-03-2016,00 - 01,1891,1290,3181
07-03-2016,01 - 02,1847,1228,3075
07-03-2016,02 - 03,1834,1202,3036
07-03-2016,03 - 04,1846,1210,3056
07-03-2016,04 - 05,1900,1237,3137
07-03-2016,05 - 06,2072,1352,3424
07-03-2016,06 - 07,2517,1606,4123
07-03-2016,07 - 08,2902,1822,4724
07-03-2016,08 - 09,3052,1939,4991
07-03-2016,09 - 10,3029,1953,4982
07-03-2016,10 - 11,3054,1967,5021
07-03-2016,11 - 12,3007,1961,4968
07-03-2016,12 - 13,2937,1953,4890
07-03-2016,13 - 14,2947,1934,4881
07-03-2016,14 - 15,2889,1920,4809
07-03-2016,15 - 16,2795,1869,4664
07-03-2016,16 - 17,2772,1897,4669
07-03-2016,17 - 18,2969,2050,5019
07-03-2016,18 - 19,3019,2105,5124
07-03-2016,19 - 20,2898,1993,4891
07-03-2016,20 - 21,2705,1852,4557
07-03-2016,21 - 22,2507,1708,4215
07-03-2016,22 - 23,2319,1545,3864
07-03-2016,23 - 00,2118,1402,3520
08-03-2016,00 - 01,1990,1311,3301
08-03-2016,01 - 02,1947,1252,3199
08-03-2016,02 - 03,1929,1225,3154
08-03-2016,03 - 04,1944,1236,3180
08-03-2016,04 - 05,1997,1279,3276
08-03-2016,05 - 06,2174,1391,3565
08-03-2016,06 - 07,2596,1626,4222
08-03-2016,07 - 08,2969,1834,4803
08-03-2016,08 - 09,3054,1940,4994
08-03-2016,09 - 10,3058,1979,5037
08-03-2016,10 - 11,3083,1995,5078
08-03-2016,11 - 12,3045,1966,5011
08-03-2016,12 - 13,2990,1946,4936
08-03-2016,13 - 14,2980,1946,4926
08-03-2016,14 - 15,2929,1922,4851
08-03-2016,15 - 16,2846,1883,4729
08-03-2016,16 - 17,2830,1899,4729
08-03-2016,17 - 18,2978,2018,4996
08-03-2016,18 - 19,2981,2097,5078
08-03-2016,19 - 20,2864,1999,4863
08-03-2016,20 - 21,2685,1853,4538
08-03-2016,21 - 22,2495,1712,4207
08-03-2016,22 - 23,2308,1555,3863
08-03-2016,23 - 00,2097,1402,3499
09-03-2016,00 - 01,1973,1307,3280
09-03-2016,01 - 02,1924,1247,3171
09-03-2016,02 - 03,1887,1223,3110
09-03-2016,03 - 04,1894,1242,3136
09-03-2016,04 - 05,1943,1292,3235
09-03-2016,05 - 06,2104,1387,3491
09-03-2016,06 - 07,2523,1621,4144
09-03-2016,07 - 08,2877,1835,4712
09-03-2016,08 - 09,3007,1944,4951
09-03-2016,09 - 10,2970,1970,4940
09-03-2016,10 - 11,2988,1999,4987
09-03-2016,11 - 12,2941,1976,4917
09-03-2016,12 - 13,2845,1932,4777
09-03-2016,13 - 14,2850,1889,4739
09-03-2016,14 - 15,2772,1844,4616
09-03-2016,15 - 16,2662,1779,4441
09-03-2016,16 - 17,2671,1785,4456
09-03-2016,17 - 18,2827,1899,4726
09-03-2016,18 - 19,2887,2030,4917
09-03-2016,19 - 20,2787,1970,4757
09-03-2016,20 - 21,2608,1847,4455
09-03-2016,21 - 22,2420,1713,4133
09-03-2016,22 - 23,2235,1554,3789
09-03-2016,23 - 00,2051,1406,3457
10-03-2016,00 - 01,1915,1306,3221
10-03-2016,01 - 02,1876,1265,3141
10-03-2016,02 - 03,1868,1242,3110
10-03-2016,03 - 04,1879,1249,3128
10-03-2016,04 - 05,1924,1251,3175
10-03-2016,05 - 06,2100,1372,3472
10-03-2016,06 - 07,2515,1624,4139
10-03-2016,07 - 08,2887,1846,4733
10-03-2016,08 - 09,3040,1940,4980
10-03-2016,09 - 10,2975,1970,4945
10-03-2016,10 - 11,3053,1983,5036
10-03-2016,11 - 12,3052,1962,5014
10-03-2016,12 - 13,2953,1938,4891
10-03-2016,13 - 14,2944,1932,4876
10-03-2016,14 - 15,2875,1898,4773
10-03-2016,15 - 16,2776,1847,4623
10-03-2016,16 - 17,2767,1847,4614
10-03-2016,17 - 18,2936,1970,4906
10-03-2016,18 - 19,2977,2065,5042
10-03-2016,19 - 20,2864,1992,4856
10-03-2016,20 - 21,2678,1849,4527
10-03-2016,21 - 22,2490,1734,4224
10-03-2016,22 - 23,2296,1578,3874
10-03-2016,23 - 00,2104,1420,3524
11-03-2016,00 - 01,1984,1327,3311
11-03-2016,01 - 02,1925,1256,3181
11-03-2016,02 - 03,1915,1235,3150
11-03-2016,03 - 04,1923,1246,3169
11-03-2016,04 - 05,1976,1282,3258
11-03-2016,05 - 06,2146,1389,3535
11-03-2016,06 - 07,2556,1629,4185
11-03-2016,07 - 08,2905,1837,4742
11-03-2016,08 - 09,3046,1938,4984
11-03-2016,09 - 10,3019,1974,4993
11-03-2016,10 - 11,3058,1981,5039
11-03-2016,11 - 12,3010,1948,4958
11-03-2016,12 - 13,2848,1907,4755
11-03-2016,13 - 14,2752,1873,4625
11-03-2016,14 - 15,2604,1814,4418
11-03-2016,15 - 16,2506,1756,4262
11-03-2016,16 - 17,2516,1776,4292
11-03-2016,17 - 18,2685,1901,4586
11-03-2016,18 - 19,2756,2015,4771
11-03-2016,19 - 20,2643,1933,4576
11-03-2016,20 - 21,2452,1791,4243
11-03-2016,21 - 22,2300,1674,3974
11-03-2016,22 - 23,2170,1551,3721
11-03-2016,23 - 00,2006,1433,3439
12-03-2016,00 - 01,1886,1345,3231
12-03-2016,01 - 02,1805,1279,3084
12-03-2016,02 - 03,1763,1250,3013
12-03-2016,03 - 04,1758,1248,3006
12-03-2016,04 - 05,1782,1260,3042
12-03-2016,05 - 06,1847,1302,3149
12-03-2016,06 - 07,1977,1362,3339
12-03-2016,07 - 08,2148,1469,3617
12-03-2016,08 - 09,2338,1622,3960
12-03-2016,09 - 10,2422,1729,4151
12-03-2016,10 - 11,2425,1782,4207
12-03-2016,11 - 12,2392,1784,4176
12-03-2016,12 - 13,2338,1750,4088
12-03-2016,13 - 14,2270,1712,3982
12-03-2016,14 - 15,2204,1695,3899
12-03-2016,15 - 16,2199,1694,3893
12-03-2016,16 - 17,2314,1744,4058
12-03-2016,17 - 18,2514,1875,4389
12-03-2016,18 - 19,2543,1953,4496
12-03-2016,19 - 20,2465,1883,4348
12-03-2016,20 - 21,2301,1751,4052
12-03-2016,21 - 22,2161,1653,3814
12-03-2016,22 - 23,2027,1536,3563
12-03-2016,23 - 00,1887,1429,3316
13-03-2016,00 - 01,1798,1348,3146
13-03-2016,01 - 02,1745,1281,3026
13-03-2016,02 - 03,1718,1253,2971
13-03-2016,03 - 04,1731,1240,2971
13-03-2016,04 - 05,1755,1248,3003
13-03-2016,05 - 06,1815,1274,3089
13-03-2016,06 - 07,1905,1312,3217
13-03-2016,07 - 08,2043,1411,3454
13-03-2016,08 - 09,2219,1562,3781
13-03-2016,09 - 10,2299,1675,3974
13-03-2016,10 - 11,2313,1733,4046
13-03-2016,11 - 12,2297,1744,4041
13-03-2016,12 - 13,2247,1735,3982
13-03-2016,13 - 14,2178,1714,3892
13-03-2016,14 - 15,2124,1670,3794
13-03-2016,15 - 16,2107,1627,3734
13-03-2016,16 - 17,2159,1635,3794
13-03-2016,17 - 18,2421,1772,4193
13-03-2016,18 - 19,2529,1918,4447
13-03-2016,19 - 20,2462,1878,4340
13-03-2016,20 - 21,2303,1749,4052
13-03-2016,21 - 22,2149,1609,3758
13-03-2016,22 - 23,1988,1469,3457
13-03-2016,23 - 00,1871,1340,3211
14-03-2016,00 - 01,1782,1241,3023
14-03-2016,01 - 02,1731,1178,2909
14-03-2016,02 - 03,1722,1158,2880
14-03-2016,03 - 04,1724,1172,2896
14-03-2016,04 - 05,1783,1205,2988
14-03-2016,05 - 06,1961,1315,3276
14-03-2016,06 - 07,2411,1563,3974
14-03-2016,07 - 08,2814,1802,4616
14-03-2016,08 - 09,2968,1904,4872
14-03-2016,09 - 10,2979,1935,4914
14-03-2016,10 - 11,3003,1963,4966
14-03-2016,11 - 12,2976,1972,4948
14-03-2016,12 - 13,2901,1955,4856
14-03-2016,13 - 14,2900,1922,4822
14-03-2016,14 - 15,2828,1894,4722
14-03-2016,15 - 16,2703,1857,4560
14-03-2016,16 - 17,2677,1866,4543
14-03-2016,17 - 18,2838,1995,4833
14-03-2016,18 - 19,2850,2048,4898
14-03-2016,19 - 20,2796,1958,4754
14-03-2016,20 - 21,2598,1828,4426
14-03-2016,21 - 22,2393,1682,4075
14-03-2016,22 - 23,2186,1520,3706
14-03-2016,23 - 00,1977,1362,3339
15-03-2016,00 - 01,1826,1270,3096
15-03-2016,01 - 02,1759,1220,2979
15-03-2016,02 - 03,1770,1198,2968
15-03-2016,03 - 04,1794,1213,3007
15-03-2016,04 - 05,1836,1242,3078
15-03-2016,05 - 06,2003,1344,3347
15-03-2016,06 - 07,2402,1565,3967
15-03-2016,07 - 08,2754,1786,4540
15-03-2016,08 - 09,2860,1883,4743
15-03-2016,09 - 10,2837,1913,4750
15-03-2016,10 - 11,2866,1927,4793
15-03-2016,11 - 12,2812,1930,4742
15-03-2016,12 - 13,2713,1878,4591
15-03-2016,13 - 14,2786,1838,4624
15-03-2016,14 - 15,2722,1791,4513
15-03-2016,15 - 16,2613,1733,4346
15-03-2016,16 - 17,2585,1721,4306
15-03-2016,17 - 18,2775,1852,4627
15-03-2016,18 - 19,2779,1935,4714
15-03-2016,19 - 20,2740,1916,4656
15-03-2016,20 - 21,2582,1808,4390
15-03-2016,21 - 22,2400,1669,4069
15-03-2016,22 - 23,2198,1513,3711
15-03-2016,23 - 00,1999,1366,3365
16-03-2016,00 - 01,1859,1271,3130
16-03-2016,01 - 02,1811,1220,3031
16-03-2016,02 - 03,1788,1202,2990
16-03-2016,03 - 04,1811,1217,3028
16-03-2016,04 - 05,1872,1255,3127
16-03-2016,05 - 06,2058,1374,3432
16-03-2016,06 - 07,2444,1584,4028
16-03-2016,07 - 08,2792,1804,4596
16-03-2016,08 - 09,2881,1880,4761
16-03-2016,09 - 10,2857,1902,4759
16-03-2016,10 - 11,2861,1902,4763
16-03-2016,11 - 12,2823,1867,4690
16-03-2016,12 - 13,2731,1848,4579
16-03-2016,13 - 14,2730,1830,4560
16-03-2016,14 - 15,2669,1781,4450
16-03-2016,15 - 16,2532,1732,4264
16-03-2016,16 - 17,2525,1721,4246
16-03-2016,17 - 18,2688,1844,4532
16-03-2016,18 - 19,2701,1935,4636
16-03-2016,19 - 20,2703,1919,4622
16-03-2016,20 - 21,2547,1796,4343
16-03-2016,21 - 22,2373,1668,4041
16-03-2016,22 - 23,2172,1506,3678
16-03-2016,23 - 00,1972,1356,3328
17-03-2016,00 - 01,1847,1251,3098
17-03-2016,01 - 02,1803,1210,3013
17-03-2016,02 - 03,1779,1183,2962
17-03-2016,03 - 04,1793,1195,2988
17-03-2016,04 - 05,1829,1226,3055
17-03-2016,05 - 06,1982,1334,3316
17-03-2016,06 - 07,2373,1542,3915
17-03-2016,07 - 08,2716,1769,4485
17-03-2016,08 - 09,2821,1849,4670
17-03-2016,09 - 10,2816,1873,4689
17-03-2016,10 - 11,2817,1880,4697
17-03-2016,11 - 12,2835,1859,4694
17-03-2016,12 - 13,2806,1818,4624
17-03-2016,13 - 14,2820,1798,4618
17-03-2016,14 - 15,2735,1766,4501
17-03-2016,15 - 16,2632,1715,4347
17-03-2016,16 - 17,2643,1725,4368
17-03-2016,17 - 18,2826,1868,4694
17-03-2016,18 - 19,2811,1947,4758
17-03-2016,19 - 20,2757,1882,4639
17-03-2016,20 - 21,2577,1758,4335
17-03-2016,21 - 22,2411,1625,4036
17-03-2016,22 - 23,2211,1465,3676
17-03-2016,23 - 00,1998,1317,3315
18-03-2016,00 - 01,1870,1234,3104
18-03-2016,01 - 02,1817,1169,2986
18-03-2016,02 - 03,1813,1146,2959
18-03-2016,03 - 04,1822,1152,2974
18-03-2016,04 - 05,1883,1193,3076
18-03-2016,05 - 06,2042,1296,3338
18-03-2016,06 - 07,2453,1525,3978
18-03-2016,07 - 08,2845,1756,4601
18-03-2016,08 - 09,2990,1857,4847
18-03-2016,09 - 10,2979,1880,4859
18-03-2016,10 - 11,2977,1886,4863
18-03-2016,11 - 12,2915,1870,4785
18-03-2016,12 - 13,2763,1836,4599
18-03-2016,13 - 14,2630,1790,4420
18-03-2016,14 - 15,2477,1734,4211
18-03-2016,15 - 16,2372,1670,4042
18-03-2016,16 - 17,2388,1676,4064
18-03-2016,17 - 18,2557,1783,4340
18-03-2016,18 - 19,2631,1884,4515
18-03-2016,19 - 20,2593,1868,4461
18-03-2016,20 - 21,2404,1731,4135
18-03-2016,21 - 22,2242,1594,3836
18-03-2016,22 - 23,2092,1491,3583
18-03-2016,23 - 00,1943,1387,3330
19-03-2016,00 - 01,1828,1292,3120
19-03-2016,01 - 02,1761,1231,2992
19-03-2016,02 - 03,1731,1201,2932
19-03-2016,03 - 04,1725,1190,2915
19-03-2016,04 - 05,1753,1194,2947
19-03-2016,05 - 06,1812,1224,3036
19-03-2016,06 - 07,1911,1262,3173
19-03-2016,07 - 08,2086,1384,3470
19-03-2016,08 - 09,2255,1529,3784
19-03-2016,09 - 10,2332,1623,3955
19-03-2016,10 - 11,2321,1670,3991
19-03-2016,11 - 12,2251,1646,3897
19-03-2016,12 - 13,2157,1603,3760
19-03-2016,13 - 14,2056,1557,3613
19-03-2016,14 - 15,1974,1534,3508
19-03-2016,15 - 16,1934,1523,3457
19-03-2016,16 - 17,1997,1542,3539
19-03-2016,17 - 18,2228,1651,3879
19-03-2016,18 - 19,2329,1763,4092
19-03-2016,19 - 20,2338,1755,4093
19-03-2016,20 - 21,2193,1651,3844
19-03-2016,21 - 22,2015,1553,3568
19-03-2016,22 - 23,1895,1450,3345
19-03-2016,23 - 00,1761,1345,3106
20-03-2016,00 - 01,1595,1254,2849
20-03-2016,01 - 02,1587,1195,2782
20-03-2016,02 - 03,1601,1175,2776
20-03-2016,03 - 04,1586,1158,2744
20-03-2016,04 - 05,1605,1153,2758
20-03-2016,05 - 06,1650,1190,2840
20-03-2016,06 - 07,1726,1237,2963
20-03-2016,07 - 08,1871,1276,3147
20-03-2016,08 - 09,2022,1362,3384
20-03-2016,09 - 10,2097,1437,3534
20-03-2016,10 - 11,2127,1485,3612
20-03-2016,11 - 12,2093,1512,3605
20-03-2016,12 - 13,2047,1560,3607
20-03-2016,13 - 14,2026,1539,3565
20-03-2016,14 - 15,2009,1514,3523
20-03-2016,15 - 16,1958,1479,3437
20-03-2016,16 - 17,2015,1490,3505
20-03-2016,17 - 18,2229,1607,3836
20-03-2016,18 - 19,2345,1748,4093
20-03-2016,19 - 20,2346,1764,4110
20-03-2016,20 - 21,2196,1649,3845
20-03-2016,21 - 22,2029,1536,3565
20-03-2016,22 - 23,1877,1397,3274
20-03-2016,23 - 00,1734,1293,3027
21-03-2016,00 - 01,1659,1208,2867
21-03-2016,01 - 02,1602,1157,2759
21-03-2016,02 - 03,1611,1127,2738
21-03-2016,03 - 04,1619,1121,2740
21-03-2016,04 - 05,1681,1167,2848
21-03-2016,05 - 06,1841,1259,3100
21-03-2016,06 - 07,2144,1409,3553
21-03-2016,07 - 08,2512,1631,4143
21-03-2016,08 - 09,2645,1786,4431
21-03-2016,09 - 10,2710,1833,4543
21-03-2016,10 - 11,2748,1850,4598
21-03-2016,11 - 12,2705,1811,4516
21-03-2016,12 - 13,2654,1778,4432
21-03-2016,13 - 14,2665,1777,4442
21-03-2016,14 - 15,2611,1735,4346
21-03-2016,15 - 16,2517,1697,4214
21-03-2016,16 - 17,2540,1707,4247
21-03-2016,17 - 18,2668,1810,4478
21-03-2016,18 - 19,2697,1882,4579
21-03-2016,19 - 20,2653,1874,4527
21-03-2016,20 - 21,2459,1741,4200
21-03-2016,21 - 22,2279,1605,3884
21-03-2016,22 - 23,2095,1456,3551
21-03-2016,23 - 00,1926,1330,3256
22-03-2016,00 - 01,1809,1224,3033
22-03-2016,01 - 02,1767,1181,2948
22-03-2016,02 - 03,1723,1154,2877
22-03-2016,03 - 04,1734,1144,2878
22-03-2016,04 - 05,1797,1163,2960
22-03-2016,05 - 06,1951,1252,3203
22-03-2016,06 - 07,2246,1416,3662
22-03-2016,07 - 08,2629,1643,4272
22-03-2016,08 - 09,2805,1795,4600
22-03-2016,09 - 10,2826,1849,4675
22-03-2016,10 - 11,2850,1879,4729
22-03-2016,11 - 12,2801,1863,4664
22-03-2016,12 - 13,2729,1862,4591
22-03-2016,13 - 14,2748,1858,4606
22-03-2016,14 - 15,2674,1820,4494
22-03-2016,15 - 16,2549,1750,4299
22-03-2016,16 - 17,2504,1754,4258
22-03-2016,17 - 18,2637,1844,4481
22-03-2016,18 - 19,2663,1901,4564
22-03-2016,19 - 20,2658,1885,4543
22-03-2016,20 - 21,2508,1760,4268
22-03-2016,21 - 22,2347,1636,3983
22-03-2016,22 - 23,2135,1488,3623
22-03-2016,23 - 00,1946,1350,3296
23-03-2016,00 - 01,1810,1257,3067
23-03-2016,01 - 02,1745,1195,2940
23-03-2016,02 - 03,1724,1152,2876
23-03-2016,03 - 04,1752,1167,2919
23-03-2016,04 - 05,1795,1189,2984
23-03-2016,05 - 06,1924,1279,3203
23-03-2016,06 - 07,2189,1424,3613
23-03-2016,07 - 08,2543,1630,4173
23-03-2016,08 - 09,2688,1768,4456
23-03-2016,09 - 10,2707,1839,4546
23-03-2016,10 - 11,2728,1866,4594
23-03-2016,11 - 12,2672,1853,4525
23-03-2016,12 - 13,2598,1817,4415
23-03-2016,13 - 14,2587,1789,4376
23-03-2016,14 - 15,2500,1766,4266
23-03-2016,15 - 16,2391,1715,4106
23-03-2016,16 - 17,2362,1688,4050
23-03-2016,17 - 18,2488,1756,4244
23-03-2016,18 - 19,2558,1841,4399
23-03-2016,19 - 20,2578,1838,4416
23-03-2016,20 - 21,2432,1726,4158
23-03-2016,21 - 22,2254,1616,3870
23-03-2016,22 - 23,2097,1500,3597
23-03-2016,23 - 00,1928,1374,3302
24-03-2016,00 - 01,1814,1288,3102
24-03-2016,01 - 02,1751,1229,2980
24-03-2016,02 - 03,1728,1205,2933
24-03-2016,03 - 04,1726,1200,2926
24-03-2016,04 - 05,1754,1218,2972
24-03-2016,05 - 06,1820,1259,3079
24-03-2016,06 - 07,1880,1309,3189
24-03-2016,07 - 08,2019,1415,3434
24-03-2016,08 - 09,2165,1530,3695
24-03-2016,09 - 10,2214,1603,3817
24-03-2016,10 - 11,2212,1619,3831
24-03-2016,11 - 12,2173,1605,3778
24-03-2016,12 - 13,2107,1569,3676
24-03-2016,13 - 14,2059,1523,3582
24-03-2016,14 - 15,2068,1477,3545
24-03-2016,15 - 16,2083,1446,3529
24-03-2016,16 - 17,2155,1484,3639
24-03-2016,17 - 18,2346,1584,3930
24-03-2016,18 - 19,2372,1680,4052
24-03-2016,19 - 20,2337,1680,4017
24-03-2016,20 - 21,2205,1591,3796
24-03-2016,21 - 22,2058,1497,3555
24-03-2016,22 - 23,1912,1399,3311
24-03-2016,23 - 00,1772,1291,3063
25-03-2016,00 - 01,1666,1214,2880
25-03-2016,01 - 02,1600,1155,2755
25-03-2016,02 - 03,1571,1124,2695
25-03-2016,03 - 04,1576,1120,2696
25-03-2016,04 - 05,1578,1124,2702
25-03-2016,05 - 06,1648,1149,2797
25-03-2016,06 - 07,1728,1186,2914
25-03-2016,07 - 08,1898,1302,3200
25-03-2016,08 - 09,2090,1449,3539
25-03-2016,09 - 10,2190,1539,3729
25-03-2016,10 - 11,2239,1596,3835
25-03-2016,11 - 12,2229,1613,3842
25-03-2016,12 - 13,2164,1597,3761
25-03-2016,13 - 14,2071,1561,3632
25-03-2016,14 - 15,2006,1539,3545
25-03-2016,15 - 16,1946,1526,3472
25-03-2016,16 - 17,1987,1556,3543
25-03-2016,17 - 18,2129,1656,3785
25-03-2016,18 - 19,2183,1696,3879
25-03-2016,19 - 20,2240,1678,3918
25-03-2016,20 - 21,2108,1569,3677
25-03-2016,21 - 22,1980,1475,3455
25-03-2016,22 - 23,1866,1391,3257
25-03-2016,23 - 00,1728,1295,3023
26-03-2016,00 - 01,1645,1214,2859
26-03-2016,01 - 02,1596,1159,2755
26-03-2016,02 - 03,1578,1128,2706
26-03-2016,03 - 04,1567,1121,2688
26-03-2016,04 - 05,1580,1145,2725
26-03-2016,05 - 06,1649,1160,2809
26-03-2016,06 - 07,1702,1187,2889
26-03-2016,07 - 08,1875,1313,3188
26-03-2016,08 - 09,1992,1443,3435
26-03-2016,09 - 10,2030,1527,3557
26-03-2016,10 - 11,2020,1572,3592
26-03-2016,11 - 12,1987,1551,3538
26-03-2016,12 - 13,1971,1508,3479
26-03-2016,13 - 14,1967,1462,3429
26-03-2016,14 - 15,1929,1426,3355
26-03-2016,15 - 16,1894,1388,3282
26-03-2016,16 - 17,1897,1411,3308
26-03-2016,17 - 18,2077,1505,3582
26-03-2016,18 - 19,2163,1594,3757
26-03-2016,19 - 20,2151,1653,3804
26-03-2016,20 - 21,2017,1557,3574
26-03-2016,21 - 22,1893,1477,3370
26-03-2016,22 - 23,1765,1395,3160
26-03-2016,23 - 00,1655,1297,2952
27-03-2016,00 - 01,1554,1210,2764
27-03-2016,01 - 02,1506,1162,2668
27-03-2016,02 - 03,,,
27-03-2016,03 - 04,1466,1130,2596
27-03-2016,04 - 05,1469,1126,2595
27-03-2016,05 - 06,1503,1143,2646
27-03-2016,06 - 07,1585,1157,2742
27-03-2016,07 - 08,1655,1216,2871
27-03-2016,08 - 09,1827,1334,3161
27-03-2016,09 - 10,1963,1439,3402
27-03-2016,10 - 11,2035,1474,3509
27-03-2016,11 - 12,2126,1480,3606
27-03-2016,12 - 13,2132,1480,3612
27-03-2016,13 - 14,2115,1420,3535
27-03-2016,14 - 15,2064,1428,3492
27-03-2016,15 - 16,1988,1422,3410
27-03-2016,16 - 17,2000,1481,3481
27-03-2016,17 - 18,2088,1555,3643
27-03-2016,18 - 19,2083,1582,3665
27-03-2016,19 - 20,2039,1546,3585
27-03-2016,20 - 21,2085,1559,3644
27-03-2016,21 - 22,1961,1482,3443
27-03-2016,22 - 23,1846,1386,3232
27-03-2016,23 - 00,1717,1297,3014
28-03-2016,00 - 01,1588,1210,2798
28-03-2016,01 - 02,1510,1139,2649
28-03-2016,02 - 03,1495,1103,2598
28-03-2016,03 - 04,1485,1092,2577
28-03-2016,04 - 05,1489,1099,2588
28-03-2016,05 - 06,1536,1137,2673
28-03-2016,06 - 07,1634,1201,2835
28-03-2016,07 - 08,1709,1281,2990
28-03-2016,08 - 09,1854,1407,3261
28-03-2016,09 - 10,1941,1525,3466
28-03-2016,10 - 11,2037,1589,3626
28-03-2016,11 - 12,2028,1578,3606
28-03-2016,12 - 13,1922,1545,3467
28-03-2016,13 - 14,1906,1516,3422
28-03-2016,14 - 15,1902,1472,3374
28-03-2016,15 - 16,1911,1473,3384
28-03-2016,16 - 17,1958,1509,3467
28-03-2016,17 - 18,2135,1634,3769
28-03-2016,18 - 19,2147,1655,3802
28-03-2016,19 - 20,2046,1618,3664
28-03-2016,20 - 21,2050,1594,3644
28-03-2016,21 - 22,1961,1486,3447
28-03-2016,22 - 23,1818,1362,3180
28-03-2016,23 - 00,1683,1250,2933
29-03-2016,00 - 01,1592,1158,2750
29-03-2016,01 - 02,1570,1114,2684
29-03-2016,02 - 03,1561,1101,2662
29-03-2016,03 - 04,1571,1109,2680
29-03-2016,04 - 05,1647,1121,2768
29-03-2016,05 - 06,1810,1224,3034
29-03-2016,06 - 07,2206,1452,3658
29-03-2016,07 - 08,2560,1668,4228
29-03-2016,08 - 09,2685,1781,4466
29-03-2016,09 - 10,2705,1808,4513
29-03-2016,10 - 11,2725,1818,4543
29-03-2016,11 - 12,2671,1789,4460
29-03-2016,12 - 13,2608,1763,4371
29-03-2016,13 - 14,2674,1744,4418
29-03-2016,14 - 15,2621,1701,4322
29-03-2016,15 - 16,2430,1644,4074
29-03-2016,16 - 17,2382,1657,4039
29-03-2016,17 - 18,2502,1755,4257
29-03-2016,18 - 19,2455,1736,4191
29-03-2016,19 - 20,2409,1697,4106
29-03-2016,20 - 21,2446,1713,4159
29-03-2016,21 - 22,2324,1607,3931
29-03-2016,22 - 23,2145,1456,3601
29-03-2016,23 - 00,1944,1295,3239
30-03-2016,00 - 01,1798,1189,2987
30-03-2016,01 - 02,1763,1136,2899
30-03-2016,02 - 03,1734,1111,2845
30-03-2016,03 - 04,1747,1124,2871
30-03-2016,04 - 05,1805,1142,2947
30-03-2016,05 - 06,1939,1243,3182
30-03-2016,06 - 07,2368,1468,3836
30-03-2016,07 - 08,2734,1684,4418
30-03-2016,08 - 09,2893,1800,4693
30-03-2016,09 - 10,2918,1847,4765
30-03-2016,10 - 11,2951,1902,4853
30-03-2016,11 - 12,2959,1917,4876
30-03-2016,12 - 13,2855,1914,4769
30-03-2016,13 - 14,2812,1932,4744
30-03-2016,14 - 15,2709,1858,4567
30-03-2016,15 - 16,2613,1783,4396
30-03-2016,16 - 17,2530,1768,4298
30-03-2016,17 - 18,2686,1856,4542
30-03-2016,18 - 19,2637,1826,4463
30-03-2016,19 - 20,2549,1747,4296
30-03-2016,20 - 21,2558,1743,4301
30-03-2016,21 - 22,2424,1631,4055
30-03-2016,22 - 23,2210,1494,3704
30-03-2016,23 - 00,2003,1328,3331
31-03-2016,00 - 01,1872,1219,3091
31-03-2016,01 - 02,1819,1172,2991
31-03-2016,02 - 03,1794,1151,2945
31-03-2016,03 - 04,1796,1138,2934
31-03-2016,04 - 05,1840,1163,3003
31-03-2016,05 - 06,2005,1251,3256
31-03-2016,06 - 07,2405,1494,3899
31-03-2016,07 - 08,2752,1698,4450
31-03-2016,08 - 09,2853,1800,4653
31-03-2016,09 - 10,2801,1838,4639
31-03-2016,10 - 11,2851,1876,4727
31-03-2016,11 - 12,2796,1859,4655
31-03-2016,12 - 13,2701,1824,4525
31-03-2016,13 - 14,2657,1791,4448
31-03-2016,14 - 15,2540,1738,4278
31-03-2016,15 - 16,2401,1669,4070
31-03-2016,16 - 17,2336,1632,3968
31-03-2016,17 - 18,2466,1742,4208
31-03-2016,18 - 19,2429,1733,4162
31-03-2016,19 - 20,2370,1704,4074
31-03-2016,20 - 21,2439,1717,4156
31-03-2016,21 - 22,2329,1618,3947
31-03-2016,22 - 23,2164,1474,3638
31-03-2016,23 - 00,1993,1325,3318
01-04-2016,00 - 01,1858,1226,3084
01-04-2016,01 - 02,1811,1165,2976
01-04-2016,02 - 03,1786,1140,2926
01-04-2016,03 - 04,1784,1149,2933
01-04-2016,04 - 05,1848,1192,3040
01-04-2016,05 - 06,2028,1293,3321
01-04-2016,06 - 07,2432,1500,3932
01-04-2016,07 - 08,2771,1707,4478
01-04-2016,08 - 09,2856,1809,4665
01-04-2016,09 - 10,2847,1833,4680
01-04-2016,10 - 11,2849,1845,4694
01-04-2016,11 - 12,2771,1810,4581
01-04-2016,12 - 13,2632,1765,4397
01-04-2016,13 - 14,2527,1739,4266
01-04-2016,14 - 15,2385,1685,4070
01-04-2016,15 - 16,2282,1621,3903
01-04-2016,16 - 17,2259,1610,3869
01-04-2016,17 - 18,2391,1670,4061
01-04-2016,18 - 19,2406,1692,4098
01-04-2016,19 - 20,2304,1662,3966
01-04-2016,20 - 21,2285,1638,3923
01-04-2016,21 - 22,2170,1544,3714
01-04-2016,22 - 23,2021,1438,3459
01-04-2016,23 - 00,1862,1326,3188
02-04-2016,00 - 01,1720,1224,2944
02-04-2016,01 - 02,1634,1150,2784
02-04-2016,02 - 03,1566,1117,2683
02-04-2016,03 - 04,1570,1096,2666
02-04-2016,04 - 05,1577,1095,2672
02-04-2016,05 - 06,1606,1124,2730
02-04-2016,06 - 07,1731,1169,2900
02-04-2016,07 - 08,1888,1267,3155
02-04-2016,08 - 09,2060,1415,3475
02-04-2016,09 - 10,2144,1522,3666
02-04-2016,10 - 11,2148,1560,3708
02-04-2016,11 - 12,2114,1552,3666
02-04-2016,12 - 13,2038,1517,3555
02-04-2016,13 - 14,1991,1489,3480
02-04-2016,14 - 15,1963,1462,3425
02-04-2016,15 - 16,1944,1427,3371
02-04-2016,16 - 17,1969,1449,3418
02-04-2016,17 - 18,2117,1556,3673
02-04-2016,18 - 19,2185,1597,3782
02-04-2016,19 - 20,2119,1546,3665
02-04-2016,20 - 21,2122,1557,3679
02-04-2016,21 - 22,2037,1483,3520
02-04-2016,22 - 23,1912,1378,3290
02-04-2016,23 - 00,1773,1270,3043
03-04-2016,00 - 01,1652,1164,2816
03-04-2016,01 - 02,1592,1110,2702
03-04-2016,02 - 03,1554,1084,2638
03-04-2016,03 - 04,1544,1079,2623
03-04-2016,04 - 05,1565,1074,2639
03-04-2016,05 - 06,1584,1093,2677
03-04-2016,06 - 07,1668,1138,2806
03-04-2016,07 - 08,1781,1219,3000
03-04-2016,08 - 09,1962,1365,3327
03-04-2016,09 - 10,2077,1476,3553
03-04-2016,10 - 11,2130,1535,3665
03-04-2016,11 - 12,2086,1554,3640
03-04-2016,12 - 13,2033,1527,3560
03-04-2016,13 - 14,2012,1505,3517
03-04-2016,14 - 15,2017,1477,3494
03-04-2016,15 - 16,2000,1458,3458
03-04-2016,16 - 17,2091,1487,3578
03-04-2016,17 - 18,2335,1592,3927
03-04-2016,18 - 19,2367,1623,3990
03-04-2016,19 - 20,2246,1621,3867
03-04-2016,20 - 21,2233,1593,3826
03-04-2016,21 - 22,2100,1484,3584
03-04-2016,22 - 23,1968,1344,3312
03-04-2016,23 - 00,1817,1209,3026
04-04-2016,00 - 01,1736,1128,2864
04-04-2016,01 - 02,1685,1063,2748
04-04-2016,02 - 03,1675,1062,2737
04-04-2016,03 - 04,1689,1071,2760
04-04-2016,04 - 05,1736,1098,2834
04-04-2016,05 - 06,1898,1204,3102
04-04-2016,06 - 07,2276,1413,3689
04-04-2016,07 - 08,2645,1648,4293
04-04-2016,08 - 09,2809,1758,4567
04-04-2016,09 - 10,2796,1801,4597
04-04-2016,10 - 11,2851,1818,4669
04-04-2016,11 - 12,2835,1802,4637
04-04-2016,12 - 13,2724,1777,4501
04-04-2016,13 - 14,2725,1743,4468
04-04-2016,14 - 15,2679,1735,4414
04-04-2016,15 - 16,2553,1670,4223
04-04-2016,16 - 17,2552,1649,4201
04-04-2016,17 - 18,2672,1771,4443
04-04-2016,18 - 19,2595,1755,4350
04-04-2016,19 - 20,2487,1669,4156
04-04-2016,20 - 21,2472,1650,4122
04-04-2016,21 - 22,2346,1545,3891
04-04-2016,22 - 23,2133,1396,3529
04-04-2016,23 - 00,1921,1256,3177
05-04-2016,00 - 01,1776,1150,2926
05-04-2016,01 - 02,1719,1090,2809
05-04-2016,02 - 03,1711,1068,2779
05-04-2016,03 - 04,1722,1073,2795
05-04-2016,04 - 05,1765,1088,2853
05-04-2016,05 - 06,1942,1195,3137
05-04-2016,06 - 07,2353,1417,3770
05-04-2016,07 - 08,2702,1653,4355
05-04-2016,08 - 09,2856,1757,4613
05-04-2016,09 - 10,2837,1798,4635
05-04-2016,10 - 11,2882,1810,4692
05-04-2016,11 - 12,2861,1809,4670
05-04-2016,12 - 13,2779,1771,4550
05-04-2016,13 - 14,2814,1767,4581
05-04-2016,14 - 15,2760,1749,4509
05-04-2016,15 - 16,2703,1729,4432
05-04-2016,16 - 17,2701,1744,4445
05-04-2016,17 - 18,2850,1849,4699
05-04-2016,18 - 19,2755,1830,4585
05-04-2016,19 - 20,2634,1755,4389
05-04-2016,20 - 21,2564,1706,4270
05-04-2016,21 - 22,2428,1594,4022
05-04-2016,22 - 23,2232,1433,3665
05-04-2016,23 - 00,2024,1305,3329
06-04-2016,00 - 01,1866,1193,3059
06-04-2016,01 - 02,1766,1119,2885
06-04-2016,02 - 03,1739,1018,2757
06-04-2016,03 - 04,1757,882,2639
06-04-2016,04 - 05,1808,885,2693
06-04-2016,05 - 06,1920,998,2918
06-04-2016,06 - 07,2325,1235,3560
06-04-2016,07 - 08,2673,1411,4084
06-04-2016,08 - 09,2772,1741,4513
06-04-2016,09 - 10,2789,1734,4523
06-04-2016,10 - 11,2839,1604,4443
06-04-2016,11 - 12,2817,1795,4612
06-04-2016,12 - 13,2714,1782,4496
06-04-2016,13 - 14,2537,1739,4276
06-04-2016,14 - 15,2619,1723,4342
06-04-2016,15 - 16,2527,1672,4199
06-04-2016,16 - 17,2526,1669,4195
06-04-2016,17 - 18,2680,1769,4449
06-04-2016,18 - 19,2662,1796,4458
06-04-2016,19 - 20,2518,1739,4257
06-04-2016,20 - 21,2463,1697,4160
06-04-2016,21 - 22,2336,1597,3933
06-04-2016,22 - 23,2158,1437,3595
06-04-2016,23 - 00,1951,1269,3220
07-04-2016,00 - 01,1837,1180,3017
07-04-2016,01 - 02,1818,1110,2928
07-04-2016,02 - 03,1775,1102,2877
07-04-2016,03 - 04,1805,1114,2919
07-04-2016,04 - 05,1828,1130,2958
07-04-2016,05 - 06,1974,1250,3224
07-04-2016,06 - 07,2362,1447,3809
07-04-2016,07 - 08,2730,1663,4393
07-04-2016,08 - 09,2787,1771,4558
07-04-2016,09 - 10,2845,1812,4657
07-04-2016,10 - 11,2842,1816,4658
07-04-2016,11 - 12,2883,1789,4672
07-04-2016,12 - 13,2738,1780,4518
07-04-2016,13 - 14,2701,1751,4452
07-04-2016,14 - 15,2628,1698,4326
07-04-2016,15 - 16,2528,1691,4219
07-04-2016,16 - 17,2548,1673,4221
07-04-2016,17 - 18,2715,1735,4450
07-04-2016,18 - 19,2654,1722,4376
07-04-2016,19 - 20,2543,1667,4210
07-04-2016,20 - 21,2489,1672,4161
07-04-2016,21 - 22,2369,1576,3945
07-04-2016,22 - 23,2194,1424,3618
07-04-2016,23 - 00,1983,1287,3270
08-04-2016,00 - 01,1857,1197,3054
08-04-2016,01 - 02,1815,1148,2963
08-04-2016,02 - 03,1752,1099,2851
08-04-2016,03 - 04,1753,1103,2856
08-04-2016,04 - 05,1816,1132,2948
08-04-2016,05 - 06,1987,1223,3210
08-04-2016,06 - 07,2355,1436,3791
08-04-2016,07 - 08,2700,1657,4357
08-04-2016,08 - 09,2806,1737,4543
08-04-2016,09 - 10,2761,1775,4536
08-04-2016,10 - 11,2770,1823,4593
08-04-2016,11 - 12,2721,1820,4541
08-04-2016,12 - 13,2552,1765,4317
08-04-2016,13 - 14,2460,1707,4167
08-04-2016,14 - 15,2305,1661,3966
08-04-2016,15 - 16,2232,1625,3857
08-04-2016,16 - 17,2216,1619,3835
08-04-2016,17 - 18,2338,1693,4031
08-04-2016,18 - 19,2357,1694,4051
08-04-2016,19 - 20,2220,1622,3842
08-04-2016,20 - 21,2197,1591,3788
08-04-2016,21 - 22,2156,1522,3678
08-04-2016,22 - 23,2014,1401,3415
08-04-2016,23 - 00,1847,1279,3126
09-04-2016,00 - 01,1724,1181,2905
09-04-2016,01 - 02,1645,1118,2763
09-04-2016,02 - 03,1614,1096,2710
09-04-2016,03 - 04,1623,1085,2708
09-04-2016,04 - 05,1642,1096,2738
09-04-2016,05 - 06,1693,1127,2820
09-04-2016,06 - 07,1796,1157,2953
09-04-2016,07 - 08,1957,1270,3227
09-04-2016,08 - 09,2116,1416,3532
09-04-2016,09 - 10,2200,1510,3710
09-04-2016,10 - 11,2218,1550,3768
09-04-2016,11 - 12,2178,1538,3716
09-04-2016,12 - 13,2124,1526,3650
09-04-2016,13 - 14,2065,1488,3553
09-04-2016,14 - 15,2045,1458,3503
09-04-2016,15 - 16,2011,1436,3447
09-04-2016,16 - 17,2022,1443,3465
09-04-2016,17 - 18,2180,1525,3705
09-04-2016,18 - 19,2191,1546,3737
09-04-2016,19 - 20,2073,1472,3545
09-04-2016,20 - 21,2029,1474,3503
09-04-2016,21 - 22,1989,1436,3425
09-04-2016,22 - 23,1854,1340,3194
09-04-2016,23 - 00,1712,1237,2949
10-04-2016,00 - 01,1595,1160,2755
10-04-2016,01 - 02,1534,1106,2640
10-04-2016,02 - 03,1516,1074,2590
10-04-2016,03 - 04,1511,1066,2577
10-04-2016,04 - 05,1515,1071,2586
10-04-2016,05 - 06,1571,1092,2663
10-04-2016,06 - 07,1635,1115,2750
10-04-2016,07 - 08,1783,1219,3002
10-04-2016,08 - 09,1938,1365,3303
10-04-2016,09 - 10,2004,1465,3469
10-04-2016,10 - 11,2030,1510,3540
10-04-2016,11 - 12,2040,1508,3548
10-04-2016,12 - 13,1998,1489,3487
10-04-2016,13 - 14,1950,1476,3426
10-04-2016,14 - 15,1928,1444,3372
10-04-2016,15 - 16,1894,1431,3325
10-04-2016,16 - 17,1928,1433,3361
10-04-2016,17 - 18,2144,1530,3674
10-04-2016,18 - 19,2178,1571,3749
10-04-2016,19 - 20,2066,1515,3581
10-04-2016,20 - 21,2101,1527,3628
10-04-2016,21 - 22,2020,1490,3510
10-04-2016,22 - 23,1876,1355,3231
10-04-2016,23 - 00,1737,1219,2956
11-04-2016,00 - 01,1688,1143,2831
11-04-2016,01 - 02,1668,1087,2755
11-04-2016,02 - 03,1665,1064,2729
11-04-2016,03 - 04,1667,1075,2742
11-04-2016,04 - 05,1732,1112,2844
11-04-2016,05 - 06,1921,1223,3144
11-04-2016,06 - 07,2275,1428,3703
11-04-2016,07 - 08,2604,1648,4252
11-04-2016,08 - 09,2714,1748,4462
11-04-2016,09 - 10,2676,1767,4443
11-04-2016,10 - 11,2715,1779,4494
11-04-2016,11 - 12,2696,1751,4447
11-04-2016,12 - 13,2617,1720,4337
11-04-2016,13 - 14,2599,1728,4327
11-04-2016,14 - 15,2538,1681,4219
11-04-2016,15 - 16,2401,1627,4028
11-04-2016,16 - 17,2344,1611,3955
11-04-2016,17 - 18,2517,1709,4226
11-04-2016,18 - 19,2444,1679,4123
11-04-2016,19 - 20,2355,1604,3959
11-04-2016,20 - 21,2307,1611,3918
11-04-2016,21 - 22,2276,1553,3829
11-04-2016,22 - 23,2139,1399,3538
11-04-2016,23 - 00,1928,1238,3166
12-04-2016,00 - 01,1747,1130,2877
12-04-2016,01 - 02,1688,1082,2770
12-04-2016,02 - 03,1673,1059,2732
12-04-2016,03 - 04,1691,1066,2757
12-04-2016,04 - 05,1765,1108,2873
12-04-2016,05 - 06,1911,1207,3118
12-04-2016,06 - 07,2260,1418,3678
12-04-2016,07 - 08,2609,1650,4259
12-04-2016,08 - 09,2752,1748,4500
12-04-2016,09 - 10,2762,1777,4539
12-04-2016,10 - 11,2822,1784,4606
12-04-2016,11 - 12,2795,1779,4574
12-04-2016,12 - 13,2715,1755,4470
12-04-2016,13 - 14,2740,1759,4499
12-04-2016,14 - 15,2698,1722,4420
12-04-2016,15 - 16,2581,1676,4257
12-04-2016,16 - 17,2573,1679,4252
12-04-2016,17 - 18,2725,1809,4534
12-04-2016,18 - 19,2637,1777,4414
12-04-2016,19 - 20,2494,1679,4173
12-04-2016,20 - 21,2400,1643,4043
12-04-2016,21 - 22,2305,1563,3868
12-04-2016,22 - 23,2133,1404,3537
12-04-2016,23 - 00,1941,1262,3203
13-04-2016,00 - 01,1811,1157,2968
13-04-2016,01 - 02,1763,1100,2863
13-04-2016,02 - 03,1739,1076,2815
13-04-2016,03 - 04,1735,1079,2814
13-04-2016,04 - 05,1792,1095,2887
13-04-2016,05 - 06,1935,1198,3133
13-04-2016,06 - 07,2296,1414,3710
13-04-2016,07 - 08,2648,1642,4290
13-04-2016,08 - 09,2778,1732,4510
13-04-2016,09 - 10,2744,1773,4517
13-04-2016,10 - 11,2798,1805,4603
13-04-2016,11 - 12,2784,1777,4561
13-04-2016,12 - 13,2734,1756,4490
13-04-2016,13 - 14,2765,1735,4500
13-04-2016,14 - 15,2711,1712,4423
13-04-2016,15 - 16,2595,1681,4276
13-04-2016,16 - 17,2552,1687,4239
13-04-2016,17 - 18,2686,1788,4474
13-04-2016,18 - 19,2593,1770,4363
13-04-2016,19 - 20,2475,1691,4166
13-04-2016,20 - 21,2425,1653,4078
13-04-2016,21 - 22,2340,1579,3919
13-04-2016,22 - 23,2157,1421,3578
13-04-2016,23 - 00,1962,1268,3230
14-04-2016,00 - 01,1838,1168,3006
14-04-2016,01 - 02,1784,1103,2887
14-04-2016,02 - 03,1742,1092,2834
14-04-2016,03 - 04,1781,1096,2877
14-04-2016,04 - 05,1845,1130,2975
14-04-2016,05 - 06,1993,1216,3209
14-04-2016,06 - 07,2341,1427,3768
14-04-2016,07 - 08,2688,1668,4356
14-04-2016,08 - 09,2790,1766,4556
14-04-2016,09 - 10,2749,1823,4572
14-04-2016,10 - 11,2786,1826,4612
14-04-2016,11 - 12,2767,1820,4587
14-04-2016,12 - 13,2698,1802,4500
14-04-2016,13 - 14,2730,1786,4516
14-04-2016,14 - 15,2649,1746,4395
14-04-2016,15 - 16,2534,1701,4235
14-04-2016,16 - 17,2513,1696,4209
14-04-2016,17 - 18,2633,1789,4422
14-04-2016,18 - 19,2559,1748,4307
14-04-2016,19 - 20,2424,1658,4082
14-04-2016,20 - 21,2367,1622,3989
14-04-2016,21 - 22,2300,1569,3869
14-04-2016,22 - 23,2114,1423,3537
14-04-2016,23 - 00,1899,1279,3178
15-04-2016,00 - 01,1750,1174,2924
15-04-2016,01 - 02,1695,1110,2805
15-04-2016,02 - 03,1674,1087,2761
15-04-2016,03 - 04,1683,1097,2780
15-04-2016,04 - 05,1740,1119,2859
15-04-2016,05 - 06,1897,1216,3113
15-04-2016,06 - 07,2255,1413,3668
15-04-2016,07 - 08,2645,1658,4303
15-04-2016,08 - 09,2789,1755,4544
15-04-2016,09 - 10,2778,1783,4561
15-04-2016,10 - 11,2817,1815,4632
15-04-2016,11 - 12,2785,1789,4574
15-04-2016,12 - 13,2666,1732,4398
15-04-2016,13 - 14,2573,1715,4288
15-04-2016,14 - 15,2409,1671,4080
15-04-2016,15 - 16,2303,1645,3948
15-04-2016,16 - 17,2351,1655,4006
15-04-2016,17 - 18,2506,1757,4263
15-04-2016,18 - 19,2455,1754,4209
15-04-2016,19 - 20,2300,1662,3962
15-04-2016,20 - 21,2203,1604,3807
15-04-2016,21 - 22,2128,1538,3666
15-04-2016,22 - 23,1973,1437,3410
15-04-2016,23 - 00,1822,1318,3140
16-04-2016,00 - 01,1705,1212,2917
16-04-2016,01 - 02,1637,1138,2775
16-04-2016,02 - 03,1608,1105,2713
16-04-2016,03 - 04,1604,1108,2712
16-04-2016,04 - 05,1619,1108,2727
16-04-2016,05 - 06,1677,1121,2798
16-04-2016,06 - 07,1771,1150,2921
16-04-2016,07 - 08,1951,1273,3224
16-04-2016,08 - 09,2132,1423,3555
16-04-2016,09 - 10,2232,1533,3765
16-04-2016,10 - 11,2270,1588,3858
16-04-2016,11 - 12,2256,1592,3848
16-04-2016,12 - 13,2202,1553,3755
16-04-2016,13 - 14,2182,1551,3733
16-04-2016,14 - 15,2138,1509,3647
16-04-2016,15 - 16,2065,1495,3560
16-04-2016,16 - 17,2044,1522,3566
16-04-2016,17 - 18,2189,1578,3767
16-04-2016,18 - 19,2171,1562,3733
16-04-2016,19 - 20,2038,1511,3549
16-04-2016,20 - 21,1896,1494,3390
16-04-2016,21 - 22,1836,1478,3314
16-04-2016,22 - 23,1708,1393,3101
16-04-2016,23 - 00,1563,1288,2851
17-04-2016,00 - 01,1533,1195,2728
17-04-2016,01 - 02,1498,1129,2627
17-04-2016,02 - 03,1461,1088,2549
17-04-2016,03 - 04,1451,1056,2507
17-04-2016,04 - 05,1470,1068,2538
17-04-2016,05 - 06,1518,1085,2603
17-04-2016,06 - 07,1577,1115,2692
17-04-2016,07 - 08,1687,1235,2922
17-04-2016,08 - 09,1859,1362,3221
17-04-2016,09 - 10,1972,1464,3436
17-04-2016,10 - 11,1996,1527,3523
17-04-2016,11 - 12,2023,1569,3592
17-04-2016,12 - 13,1989,1620,3609
17-04-2016,13 - 14,1962,1601,3563
17-04-2016,14 - 15,1949,1587,3536
17-04-2016,15 - 16,1923,1574,3497
17-04-2016,16 - 17,1939,1606,3545
17-04-2016,17 - 18,2117,1649,3766
17-04-2016,18 - 19,2127,1628,3755
17-04-2016,19 - 20,2050,1568,3618
17-04-2016,20 - 21,1970,1518,3488
17-04-2016,21 - 22,1979,1496,3475
17-04-2016,22 - 23,1848,1363,3211
17-04-2016,23 - 00,1746,1220,2966
18-04-2016,00 - 01,1659,1135,2794
18-04-2016,01 - 02,1630,1084,2714
18-04-2016,02 - 03,1622,1060,2682
18-04-2016,03 - 04,1639,1064,2703
18-04-2016,04 - 05,1706,1096,2802
18-04-2016,05 - 06,1866,1192,3058
18-04-2016,06 - 07,2227,1403,3630
18-04-2016,07 - 08,2604,1631,4235
18-04-2016,08 - 09,2779,1712,4491
18-04-2016,09 - 10,2807,1767,4574
18-04-2016,10 - 11,2805,1812,4617
18-04-2016,11 - 12,2744,1807,4551
18-04-2016,12 - 13,2660,1796,4456
18-04-2016,13 - 14,2670,1774,4444
18-04-2016,14 - 15,2597,1738,4335
18-04-2016,15 - 16,2513,1683,4196
18-04-2016,16 - 17,2471,1686,4157
18-04-2016,17 - 18,2638,1800,4438
18-04-2016,18 - 19,2592,1792,4384
18-04-2016,19 - 20,2402,1700,4102
18-04-2016,20 - 21,2276,1643,3919
18-04-2016,21 - 22,2266,1570,3836
18-04-2016,22 - 23,2099,1428,3527
18-04-2016,23 - 00,1914,1290,3204
19-04-2016,00 - 01,1781,1175,2956
19-04-2016,01 - 02,1783,1119,2902
19-04-2016,02 - 03,1717,1101,2818
19-04-2016,03 - 04,1707,1107,2814
19-04-2016,04 - 05,1744,1136,2880
19-04-2016,05 - 06,1881,1221,3102
19-04-2016,06 - 07,2201,1426,3627
19-04-2016,07 - 08,2546,1669,4215
19-04-2016,08 - 09,2630,1773,4403
19-04-2016,09 - 10,2661,1801,4462
19-04-2016,10 - 11,2671,1826,4497
19-04-2016,11 - 12,2571,1796,4367
19-04-2016,12 - 13,2589,1805,4394
19-04-2016,13 - 14,2620,1767,4387
19-04-2016,14 - 15,2565,1723,4288
19-04-2016,15 - 16,2477,1709,4186
19-04-2016,16 - 17,2452,1687,4139
19-04-2016,17 - 18,2581,1750,4331
19-04-2016,18 - 19,2487,1696,4183
19-04-2016,19 - 20,2337,1613,3950
19-04-2016,20 - 21,2299,1573,3872
19-04-2016,21 - 22,2250,1556,3806
19-04-2016,22 - 23,2104,1421,3525
19-04-2016,23 - 00,1910,1263,3173
20-04-2016,00 - 01,1818,1133,2951
20-04-2016,01 - 02,1785,1089,2874
20-04-2016,02 - 03,1764,1081,2845
20-04-2016,03 - 04,1786,1088,2874
20-04-2016,04 - 05,1835,1119,2954
20-04-2016,05 - 06,1959,1202,3161
20-04-2016,06 - 07,2262,1409,3671
20-04-2016,07 - 08,2583,1632,4215
20-04-2016,08 - 09,2715,1743,4458
20-04-2016,09 - 10,2718,1774,4492
20-04-2016,10 - 11,2724,1764,4488
20-04-2016,11 - 12,2732,1752,4484
20-04-2016,12 - 13,2671,1723,4394
20-04-2016,13 - 14,2675,1699,4374
20-04-2016,14 - 15,2596,1659,4255
20-04-2016,15 - 16,2429,1619,4048
20-04-2016,16 - 17,2401,1591,3992
20-04-2016,17 - 18,2498,1663,4161
20-04-2016,18 - 19,2412,1638,4050
20-04-2016,19 - 20,2313,1571,3884
20-04-2016,20 - 21,2248,1539,3787
20-04-2016,21 - 22,2282,1520,3802
20-04-2016,22 - 23,2094,1386,3480
20-04-2016,23 - 00,1876,1238,3114
21-04-2016,00 - 01,1734,1137,2871
21-04-2016,01 - 02,1685,1077,2762
21-04-2016,02 - 03,1678,1043,2721
21-04-2016,03 - 04,1688,1056,2744
21-04-2016,04 - 05,1747,1089,2836
21-04-2016,05 - 06,1901,1157,3058
21-04-2016,06 - 07,2239,1351,3590
21-04-2016,07 - 08,2554,1591,4145
21-04-2016,08 - 09,2677,1702,4379
21-04-2016,09 - 10,2682,1731,4413
21-04-2016,10 - 11,2715,1721,4436
21-04-2016,11 - 12,2648,1702,4350
21-04-2016,12 - 13,2559,1684,4243
21-04-2016,13 - 14,2553,1686,4239
21-04-2016,14 - 15,2479,1668,4147
21-04-2016,15 - 16,2357,1624,3981
21-04-2016,16 - 17,2310,1609,3919
21-04-2016,17 - 18,2379,1673,4052
21-04-2016,18 - 19,2334,1684,4018
21-04-2016,19 - 20,2224,1620,3844
21-04-2016,20 - 21,2113,1573,3686
21-04-2016,21 - 22,2122,1527,3649
21-04-2016,22 - 23,1961,1385,3346
21-04-2016,23 - 00,1781,1278,3059
22-04-2016,00 - 01,1646,1170,2816
22-04-2016,01 - 02,1638,1120,2758
22-04-2016,02 - 03,1572,1088,
22-04-2016,03 - 04,,,
22-04-2016,04 - 05,,,
22-04-2016,05 - 06,,,
22-04-2016,06 - 07,,,
22-04-2016,07 - 08,,,
22-04-2016,08 - 09,,,
22-04-2016,09 - 10,,,
22-04-2016,10 - 11,,,
22-04-2016,11 - 12,,,
22-04-2016,12 - 13,,,
22-04-2016,13 - 14,,,
22-04-2016,14 - 15,,,
22-04-2016,15 - 16,,,
22-04-2016,16 - 17,,,
22-04-2016,17 - 18,,,
22-04-2016,18 - 19,,,
22-04-2016,19 - 20,,,
22-04-2016,20 - 21,,,
22-04-2016,21 - 22,,,
22-04-2016,22 - 23,,,
22-04-2016,23 - 00,,,
